date_string,sp500,dividend,dividend,earnings,earnings,cpi,cape,real_price,long_interest_rate
1871-01-01,4.44,0.26,6.788211234996863,0.4,10.443401899995175,12.46406116,,115.92176108994644,5.32
1871-02-01,4.5,0.26,6.587080004192756,0.4,10.133969237219624,12.84464132,,114.00715391872076,5.323333333333333
1871-03-01,4.61,0.26,6.490898534273022,0.4,9.98599774503542,13.0349719,,115.0886240115332,5.326666666666667
1871-04-01,4.74,0.26,6.7367747796282496,0.4,10.364268891735769,12.55922645,,122.81658636706885,5.33
1871-05-01,4.86,0.26,6.893431556893296,0.4,10.605279318297377,12.27381157,,128.85414371731315,5.333333333333334
1871-06-01,4.82,0.26,7.002012091550453,0.4,10.772326294693006,12.08348099,,129.8065318510507,5.336666666666667
1871-07-01,4.73,0.26,7.002012091550453,0.4,10.772326294693006,12.08348099,,127.38275843474477,5.34
1871-08-01,4.79,0.26,7.114019491792621,0.4,10.944645371988647,11.8932314,,131.06212832956405,5.343333333333334
1871-09-01,4.84,0.26,6.947297594063963,0.4,10.68815014471379,12.17864628,,129.32661675103682,5.346666666666668
1871-10-01,4.59,0.26,6.840439186266675,0.4,10.523752594256424,12.36889587,,120.76006101909246,5.3500000000000005
1871-11-01,4.64,0.26,6.840439186266675,0.4,10.523752594256424,12.36889587,,122.0755300933745,5.3533333333333335
1871-12-01,4.74,0.26,6.686111963213179,0.4,10.286326097251045,12.65439174,,121.89296425242487,5.3566666666666665
1872-01-01,4.86,0.2633,6.7709741535155,0.4025,10.350615635358865,12.65439174,,124.97886208160021,5.36
1872-02-01,4.88,0.2667,6.858407925342134,0.405,10.414905173466682,12.65439174,,125.49317838646274,5.378333333333333
1872-03-01,5.04,0.27,6.8404292351232465,0.4075,10.32398116041749,12.84464132,,127.68801238896727,5.3966666666666665
1872-04-01,5.18,0.2733,6.773481351568424,0.41,10.161461229941652,13.13013719,,128.38138822218968,5.415000000000001
1872-05-01,5.18,0.2767,6.857747127621599,0.4125,10.223421359392518,13.13013719,,128.38138822218968,5.433333333333334
1872-06-01,5.13,0.28,6.990198421524794,0.415,10.360472660474246,13.0349719,,128.07042108007923,5.451666666666666
1872-07-01,5.1,0.2833,7.177383712260798,0.4175,10.577330391347981,12.84464132,,129.2081077745502,5.470000000000001
1872-08-01,5.04,0.2867,7.2101031655217325,0.42,10.562411334213909,12.93980661,,126.74893601056691,5.488333333333333
1872-09-01,4.95,0.29,7.239848365150677,0.4225,10.547710118193661,13.0349719,,123.5767220948133,5.506666666666667
1872-10-01,4.97,0.2933,7.486197799455765,0.425,10.847712460854758,12.74947603,,126.8544257187015,5.5249999999999995
1872-11-01,4.95,0.2967,7.35342816322851,0.4275,10.595182136097701,13.13013719,,122.68105631271023,5.543333333333333
1872-12-01,5.07,0.3,7.544579524438506,0.43,10.813897318361859,12.93980661,,127.50339396301075,5.5616666666666665
1873-01-01,5.11,0.3025,7.6074510204754935,0.4325,10.876768814398845,12.93980661,,128.50933789960257,5.58
1873-02-01,5.15,0.305,7.504788488801335,0.435,10.703550795503544,13.22522149,,126.72019907320289,5.570833333333334
1873-03-01,5.11,0.3075,7.566303148545609,0.4375,10.765065455247816,13.22522149,,125.7359645172945,5.561666666666666
1873-04-01,5.04,0.31,7.6278178082898815,0.44,10.82658011499209,13.22522149,,124.01355404445485,5.552499999999999
1873-05-01,5.05,0.3125,7.858937004623444,0.4425,11.128254798546797,12.93980661,,127.00042199471486,5.543333333333333
1873-06-01,4.98,0.315,8.161861752241917,0.445,11.530249142056043,12.55922645,,129.03514770211032,5.534166666666667
1873-07-01,4.97,0.3175,8.226638432815266,0.4475,11.59502582262939,12.55922645,,128.7760409798169,5.525
1873-08-01,4.97,0.32,8.291415113388615,0.45,11.659802503202739,12.55922645,,128.7760409798169,5.515833333333333
1873-09-01,4.59,0.3225,8.356191793961964,0.4525,11.724579183776088,12.55922645,,118.92998553266794,5.506666666666667
1873-10-01,4.19,0.325,8.61678944611662,0.455,12.063505224563267,12.27381157,,111.09030085916504,5.4975000000000005
1873-11-01,4.04,0.3275,8.960928398315705,0.4575,12.517938144212016,11.8932314,,110.54091825708534,5.488333333333332
1873-12-01,4.42,0.33,8.817723869388876,0.46,12.291372666420857,12.17864628,,118.10405909908737,5.479166666666666
1874-01-01,4.66,0.33,8.682095890261548,0.46,12.102315483394888,12.36889587,,122.60171772308733,5.47
1874-02-01,4.8,0.33,8.682095890261548,0.46,12.102315483394888,12.36889587,,126.28503113107706,5.4366666666666665
1874-03-01,4.73,0.33,8.682095890261548,0.46,12.102315483394888,12.36889587,,124.4433744270822,5.403333333333332
1874-04-01,4.6,0.33,8.817723869388876,0.46,12.291372666420857,12.17864628,,122.91372666420857,5.37
1874-05-01,4.48,0.33,8.887169193121728,0.46,12.388175238896956,12.08348099,,120.65005450056165,5.336666666666667
1874-06-01,4.46,0.33,9.102164618145066,0.46,12.68786583135373,11.79806612,,123.0171339300818,5.303333333333334
1874-07-01,4.46,0.33,9.029332431890634,0.46,12.586342177786944,11.8932314,,122.03279589767341,5.27
1874-08-01,4.47,0.33,9.102164618145066,0.46,12.68786583135373,11.79806612,,123.29295710032861,5.236666666666666
1874-09-01,4.54,0.33,9.102164618145066,0.46,12.68786583135373,11.79806612,,125.22371929205637,5.203333333333333
1874-10-01,4.53,0.33,9.251411666809911,0.46,12.895907171916846,11.60773554,,126.99665106257243,5.17
1874-11-01,4.57,0.33,9.327820131203769,0.46,13.00241594046586,11.51265124,,129.17617575636734,5.136666666666667
1874-12-01,4.54,0.33,9.327820131203769,0.46,13.00241594046586,11.51265124,,128.3281921080761,5.1033333333333335
1875-01-01,4.54,0.3275,9.257154827179498,0.4517,12.76780713110528,11.51265124,,128.3281921080761,5.07
1875-02-01,4.53,0.325,9.186489523155227,0.4433,12.530371709583731,11.51265124,,128.04553089197904,5.03
1875-03-01,4.59,0.3225,9.115824219130957,0.435,12.29576290022315,11.51265124,,129.74149818856154,4.99
1875-04-01,4.65,0.32,8.971065858724762,0.4267,11.9623556309933,11.60773554,,130.3608007595942,4.95
1875-05-01,4.47,0.3175,9.125356727001584,0.4183,12.02247785481815,11.32232066,,128.47352620377035,4.91
1875-06-01,4.38,0.315,9.20822992913214,0.41,11.985315145854528,11.13207107,,128.038244728885,4.87
1875-07-01,4.39,0.3125,9.135148739218392,0.4017,11.74268559534089,11.13207107,,128.33056948853996,4.83
1875-08-01,4.41,0.31,8.98531967140667,0.3933,11.39976202182014,11.22715537,,127.82341855130134,4.79
1875-09-01,4.37,0.3075,8.988986359390898,0.385,11.254503246717059,11.13207107,,127.74591996923,4.75
1875-10-01,4.3,0.305,8.915905169477151,0.3767,11.011873696203418,11.13207107,,125.69964665164505,4.710000000000001
1875-11-01,4.37,0.3025,8.919070876657363,0.3683,10.859153070654239,11.03690579,,128.8474040693973,4.67
1875-12-01,4.37,0.3,8.922291659174336,0.36,10.706749991009204,10.9417405,,129.96804850197285,4.63
1876-01-01,4.46,0.3,9.000573739625601,0.3533,10.599675674032417,10.84657521,,133.80852959576725,4.59
1876-02-01,4.52,0.3,9.000573739625601,0.3467,10.401663051760654,10.84657521,,135.6086443436924,4.578333333333333
1876-03-01,4.51,0.3,9.000573739625601,0.34,10.200650238242348,10.84657521,,135.3086252190382,4.566666666666666
1876-04-01,4.34,0.3,9.080173235248546,0.3333,10.088072464361135,10.75149091,,131.35983946992897,4.555000000000001
1876-05-01,4.18,0.3,9.413387353095668,0.3267,10.251178827521182,10.37091074,,131.1598637864663,4.543333333333333
1876-06-01,4.15,0.3,9.679859595424004,0.32,10.325183568452271,10.08541488,,133.9047244033654,4.531666666666666
1876-07-01,4.1,0.3,9.679859595424004,0.3133,10.109000037487803,10.08541488,,132.29141447079473,4.52
1876-08-01,3.93,0.3,9.589374904947094,0.3067,9.803537611157578,10.18058017,,125.62081125480694,4.508333333333334
1876-09-01,3.69,0.3,9.500566209529842,0.3,9.500566209529842,10.27574545,,116.85696437721707,4.496666666666667
1876-10-01,3.67,0.3,9.327866067859329,0.2933,9.119543725677138,10.46599504,,114.11089489681245,4.485
1876-11-01,3.6,0.3,9.24381383764108,0.2867,8.83400475750566,10.56116033,,110.92576605169296,4.473333333333334
1876-12-01,3.58,0.3,9.080173235248546,0.28,8.474828352898644,10.75149091,,108.35673394063265,4.461666666666667
1877-01-01,3.55,0.2908,8.648674714959657,0.2817,8.378031867964703,10.9417405,,105.58045130022965,4.45
1877-02-01,3.34,0.2817,8.602425814386857,0.2833,8.651285882910175,10.65632562,,101.99539304242847,4.440833333333333
1877-03-01,3.17,0.2725,8.710348871993613,0.285,9.10990615969974,10.18058017,,101.3277281622743,4.431666666666667
1877-04-01,2.94,0.2633,8.186757118891204,0.2867,8.914330672184233,10.46599504,,91.41308746502143,4.4225
1877-05-01,2.94,0.2542,7.76264338664231,0.2883,8.803973597045548,10.65632562,,89.78037591159872,4.413333333333333
1877-06-01,2.73,0.245,7.9052186695962705,0.29,9.35719760890987,10.08541488,,88.08672231835844,4.404166666666667
1877-07-01,2.85,0.2358,7.537248675288417,0.2917,9.324068865910226,10.18058017,,91.0990615969974,4.395
1877-08-01,3.05,0.2267,7.527781693877555,0.2933,9.73929585714286,9.8,,101.27805102040818,4.385833333333333
1877-09-01,3.24,0.2175,7.293108755348077,0.295,9.891802679667506,9.704834711,,108.64217180380584,4.376666666666667
1877-10-01,3.31,0.2083,6.98461863788048,0.2967,9.94880628833,9.704834711,,110.98937921932016,4.367500000000001
1877-11-01,3.26,0.1992,6.8130417411986794,0.2983,10.202461603411479,9.514585124,,111.49857468025954,4.358333333333333
1877-12-01,3.25,0.19,6.498383186886292,0.3,10.260605031925722,9.514585124,,111.15655451252866,4.349166666666666
1878-01-01,3.25,0.1892,6.671198413209931,0.3008,10.60621819605469,9.229089256,,114.59511016348982,4.34
1878-02-01,3.18,0.1883,6.708580702008793,0.3017,10.748692500244573,9.134004959,,113.29414037380756,4.33
1878-03-01,3.24,0.1875,6.822237975976047,0.3025,11.006543934574688,8.94367438,,117.8882722248661,4.32
1878-04-01,3.33,0.1867,6.866189543930709,0.3033,11.154340057172918,8.848509091,,122.46604810545935,4.3100000000000005
1878-05-01,3.34,0.1858,7.060843064658495,0.3042,11.560325405108257,8.563094215,,126.92796467147132,4.3
1878-06-01,3.41,0.185,7.190188361871037,0.305,11.854094326327925,8.372844628,,132.5326611566499,4.29
1878-07-01,3.48,0.1842,7.07870792537637,0.3058,11.75173118121658,8.467928926,,133.73454712437442,4.279999999999999
1878-08-01,3.45,0.1833,6.9658371030780515,0.3067,11.655331366688698,8.563094215,,131.1082269810108,4.27
1878-09-01,3.52,0.1825,6.93543519537231,0.3075,11.68573327439444,8.563094215,,133.7683939052632,4.26
1878-10-01,3.48,0.1817,6.9826342564651815,0.3083,11.847804850127769,8.467928926,,133.73454712437442,4.25
1878-11-01,3.47,0.1808,7.026951653115045,0.3092,12.017331035083915,8.372844628,,134.86461413887835,4.239999999999999
1878-12-01,3.45,0.18,7.158587158185206,0.31,12.328677883541188,8.18251405,,137.20625386521647,4.2299999999999995
1879-01-01,3.58,0.1817,7.143119246165814,0.3158,12.414953538465406,8.277679339,,140.7394986311151,4.22
1879-02-01,3.71,0.1833,7.124116360707896,0.3217,12.503154573048175,8.372844628,,144.19242606779213,4.203333333333333
1879-03-01,3.65,0.185,7.272851186244775,0.3275,12.874912235108994,8.277679339,,143.49138826915367,4.186666666666666
1879-04-01,3.77,0.1867,7.425045680184322,0.3333,13.255317221239606,8.18251405,,149.93263103532348,4.17
1879-05-01,3.94,0.1883,7.488677566034857,0.3392,13.489959800313455,8.18251405,,156.69351890694284,4.153333333333332
1879-06-01,3.96,0.19,7.645172003113,0.345,13.882022847757815,8.087381157,,159.34147964382885,4.136666666666667
1879-07-01,4.04,0.1917,7.623895323467245,0.3508,13.951290972729835,8.18251405,,160.67051177260132,4.119999999999999
1879-08-01,4.07,0.1933,7.687527209317779,0.3567,14.185933551803684,8.18251405,,161.86360963229882,4.103333333333333
1879-09-01,4.22,0.195,7.493746175072705,0.3625,13.930681992122334,8.467928926,,162.1723531220862,4.086666666666666
1879-10-01,4.68,0.1967,7.1569824526639385,0.3683,13.400694648277218,8.94367438,,170.28305988036212,4.069999999999999
1879-11-01,4.93,0.1983,6.850781739255603,0.3742,12.927698067722877,9.419419835,,170.31948549939548,4.053333333333333
1879-12-01,4.92,0.2,6.706306901469497,0.38,12.741983112792042,9.704834711,,164.9751497761496,4.036666666666667
1880-01-01,5.11,0.205,6.677525780801293,0.3892,12.677526994574945,9.990330579,,166.44954507265666,4.02
1880-02-01,5.2,0.21,6.840392263259862,0.3983,12.973943992649538,9.990330579,,169.3811417569109,3.993333333333333
1880-03-01,5.3,0.215,6.937232710053869,0.4075,13.14847595045094,10.08541488,,171.01085285249073,3.9666666666666663
1880-04-01,5.18,0.22,7.376937591616446,0.4167,13.972590429211698,9.704834711,,173.69334874805995,3.9399999999999995
1880-05-01,4.77,0.225,7.773201670864905,0.4258,14.710352317574564,9.419419835,,164.79187542233598,3.913333333333333
1880-06-01,4.79,0.23,8.109807796185434,0.435,15.338114744959407,9.229089256,,168.89556236403578,3.8866666666666667
1880-07-01,5.01,0.235,8.286107965667727,0.4442,15.662507056806826,9.229089256,,176.6527698212566,3.8600000000000003
1880-08-01,5.19,0.24,8.462408135150017,0.4533,15.983373365264598,9.229089256,,182.99957592261916,3.8333333333333335
1880-09-01,5.18,0.245,8.550539843718953,0.4625,16.141325215183738,9.324254545,,180.7828424100578,3.8066666666666666
1880-10-01,5.33,0.25,8.725040656856073,0.4717,16.46240671135604,9.324254545,,186.0178668041715,3.7800000000000002
1880-11-01,5.61,0.255,8.80962856031356,0.4808,16.61046828156376,9.419419835,,193.8118283268983,3.7533333333333334
1880-12-01,5.84,0.26,8.892524361002295,0.49,16.758988218812018,9.514585124,,199.73977795482074,3.726666666666667
1881-01-01,6.19,0.265,9.155104190129778,0.4858,16.783206096471872,9.419419835,18.473952301404932,213.84941485623898,3.7
1881-02-01,6.17,0.27,9.234544528733153,0.4817,16.4751114795954,9.514585124,18.147258164990223,211.02644348993906,3.693333333333334
1881-03-01,6.24,0.275,9.40555461259858,0.4775,16.331463009148443,9.514585124,18.270119140204987,213.42058466405504,3.686666666666667
1881-04-01,6.22,0.28,9.481807959062783,0.4733,16.027641810801484,9.609669421,17.95010827822288,210.63159109060894,3.68
1881-05-01,6.5,0.285,9.747574780329437,0.4692,16.04758626993183,9.514585124,18.869718693152585,222.31310902505732,3.673333333333334
1881-06-01,6.58,0.29,9.918584864194864,0.465,15.903937799484874,9.514585124,19.02871073111578,225.0492703669042,3.666666666666667
1881-07-01,6.35,0.295,9.989761956869717,0.4608,15.604346812629034,9.609669421,18.11636718738974,215.03385907160236,3.66
1881-08-01,6.2,0.3,9.961775510204085,0.4567,15.165142918367351,9.8,17.28624355397345,205.8766938775511,3.6533333333333333
1881-09-01,6.25,0.305,9.749197820029547,0.4525,14.463973814961868,10.18058017,16.724836648772893,199.77864385306447,3.646666666666667
1881-10-01,6.15,0.31,9.817251749847504,0.4483,14.197012772440761,10.27574545,16.261989411181347,194.76160729536178,3.64
1881-11-01,6.19,0.315,10.06884365019445,0.4442,14.198667775925,10.18058017,16.478642316644866,197.86076887207508,3.6333333333333337
1881-12-01,6.01,0.32,10.228666565276901,0.44,14.064416527255739,10.18058017,15.958754206105072,192.1071439291068,3.626666666666667
1882-01-01,5.92,0.32,10.228666565276901,0.4392,14.038844860842547,10.18058017,15.678764160028733,189.23033145762267,3.62
1882-02-01,5.79,0.32,10.133937290165166,0.4383,13.8803272321231,10.27574545,15.153861528363034,183.36092784392596,3.6208333333333336
1882-03-01,5.78,0.32,10.133937290165166,0.4375,13.854992388897688,10.27574545,15.091670299486738,183.0442423036083,3.621666666666667
1882-04-01,5.78,0.32,10.040946509968713,0.4367,13.702754190322928,10.37091074,14.91699716837529,181.3645963363099,3.6225
1882-05-01,5.71,0.32,9.949723805716618,0.4358,13.55028010791032,10.46599504,14.567103202191758,177.5403841582559,3.6233333333333335
1882-06-01,5.68,0.32,9.860068093483818,0.435,13.403530064579567,10.56116033,14.327404890131666,175.01620865933776,3.6241666666666665
1882-07-01,6,0.32,9.949723805716618,0.4342,13.500531488881736,10.46599504,15.240559761217819,186.5573213571866,3.625
1882-08-01,6.18,0.32,9.860068093483818,0.4333,13.351148452832932,10.56116033,15.525429331463025,190.42256505540624,3.6258333333333335
1882-09-01,6.24,0.32,10.133937290165166,0.4325,13.696649618738856,10.27574545,16.08110662446231,197.61177715822075,3.626666666666667
1882-10-01,6.07,0.32,10.228666565276901,0.4317,13.799110488218869,10.18058017,15.75558103052655,194.0250189100962,3.6275
1882-11-01,5.81,0.32,10.325183568452271,0.4308,13.900278379028869,10.08541488,15.192670313165337,187.46661416471153,3.6283333333333334
1882-12-01,5.84,0.32,10.423454877348362,0.43,14.00651749143686,9.990330579,15.382128332081974,190.22805151160762,3.629166666666667
1883-01-01,5.81,0.3208,10.449513514541731,0.4275,13.92508425020758,9.990330579,15.270259119098574,189.25085261685618,3.63
1883-02-01,5.68,0.3217,10.380036106159674,0.425,13.713134426850674,10.08541488,14.757590146176224,183.2720083400278,3.629166666666667
1883-03-01,5.75,0.3225,10.504888118577647,0.4225,13.762217767749009,9.990330579,15.051254121401636,187.2964548273534,3.6283333333333334
1883-04-01,5.87,0.3233,10.632226580080934,0.42,13.81235745015154,9.895165289,15.48206722203667,193.04413864854652,3.6275
1883-05-01,5.77,0.3242,10.76535873469388,0.4175,13.86347091836735,9.8,15.335497637337065,191.59814897959188,3.626666666666667
1883-06-01,5.82,0.325,11.115655451252868,0.415,14.193836960830584,9.514585124,15.903388388583798,199.05573761935906,3.6258333333333335
1883-07-01,5.73,0.3258,11.370472984014835,0.4125,14.39631708381252,9.324254545,15.94878312701703,199.9779318551412,3.625
1883-08-01,5.47,0.3267,11.401883130379515,0.41,14.309066677243958,9.324254545,15.196810876629849,190.90388957201085,3.6241666666666665
1883-09-01,5.53,0.3275,11.54766110109013,0.4075,14.368463812806802,9.229089256,15.494692425793458,194.987987447415,3.6233333333333335
1883-10-01,5.38,0.3283,11.575869128207295,0.405,14.280313728065655,9.229089256,15.048056270223837,189.69898236294625,3.6225
1883-11-01,5.46,0.3292,11.728437424860832,0.4025,14.339902987565267,9.134004959,15.408218142448867,194.5239013965375,3.621666666666667
1883-12-01,5.34,0.33,11.635811185831276,0.4,14.104013558583366,9.229089256,14.896403941887165,188.28858100708788,3.6208333333333336
1884-01-01,5.18,0.3283,11.575869128207295,0.3925,13.839563304359926,9.229089256,14.432821721970727,182.64697558365455,3.62
1884-02-01,5.32,0.3267,11.519453073972961,0.385,13.575113050136489,9.229089256,14.80596022881671,187.58338032915876,3.611666666666667
1884-03-01,5.3,0.325,11.459511016348984,0.3775,13.31066279591305,9.229089256,14.73602345401447,186.87817965122954,3.6033333333333335
1884-04-01,5.06,0.3233,11.639507199228763,0.37,13.320809352658964,9.038839669,14.353453682579476,182.17106844447122,3.5949999999999998
1884-05-01,4.65,0.3217,11.831029331989871,0.3625,13.331514245714418,8.848509091,13.465050313804909,171.01114825537118,3.586666666666667
1884-06-01,4.46,0.32,11.768509127251349,0.355,13.055689813044465,8.848509091,12.906876483666863,164.02359596106567,3.5783333333333336
1884-07-01,4.46,0.3183,11.833145522976569,0.3475,12.918686990997037,8.753424793,13.04393158599167,165.8053064168253,3.57
1884-08-01,4.74,0.3167,11.773663798701472,0.34,12.639866408457534,8.753424793,13.859813341769325,176.2146081649668,3.5616666666666665
1884-09-01,4.59,0.315,11.839177371923691,0.3325,12.496909448141674,8.658259504,13.569154744335721,172.51372741945949,3.5533333333333337
1884-10-01,4.44,0.3133,11.906147105261068,0.325,12.35077500545754,8.563094215,13.273251319134157,168.73058776686608,3.545
1884-11-01,4.35,0.3117,12.114495742676768,0.3175,12.339917864292184,8.372844628,13.304437602119728,169.06659121156218,3.536666666666667
1884-12-01,4.34,0.31,12.186939825599353,0.31,12.186939825599353,8.277679339,13.432292746944766,170.61715755839094,3.5283333333333333
1885-01-01,4.24,0.3042,11.958926112733302,0.3067,12.057207885520391,8.277679339,13.129817425635963,166.68588664690728,3.52
1885-02-01,4.37,0.2983,11.593692909979083,0.3033,11.788022325164786,8.372844628,13.384817593597967,169.84390887230504,3.5075
1885-03-01,4.38,0.2925,11.632704132050959,0.3,11.930978596975342,8.18251405,13.734194093452516,174.19228751584,3.495
1885-04-01,4.37,0.2867,11.270953703223661,0.2967,11.664080794372028,8.277679339,13.54854854103006,171.79653883183605,3.4825
1885-05-01,4.32,0.2808,11.298759465653319,0.2933,11.801731307963385,8.087381157,13.711371872561944,173.82706870235876,3.4699999999999998
1885-06-01,4.3,0.275,11.33201442929187,0.29,11.950124307253242,7.897091074,13.978784368698356,177.1914983489274,3.4575
1885-07-01,4.46,0.2692,10.960958700470252,0.2867,11.673502449572146,7.992232066,14.326658777089333,181.59686405682513,3.445
1885-08-01,4.71,0.2633,10.720729665058757,0.2833,11.53506537831806,7.992232066,15.13041079670716,191.77606047256646,3.4325
1885-09-01,4.65,0.2575,10.610886238336933,0.28,11.538051055278997,7.897091074,15.11628502872425,191.61406216802618,3.42
1885-10-01,4.92,0.2517,10.371883752191868,0.2767,11.402066882127492,7.897091074,15.991023962168988,202.7400399713309,3.4075
1885-11-01,5.24,0.2458,10.008185915956863,0.2733,11.127897521688409,7.992232066,16.824034498619024,213.35595687393803,3.3950000000000005
1885-12-01,5.2,0.24,9.544782877580275,0.27,10.737880737277811,8.18251405,16.30447595227853,206.8036290142393,3.3825000000000003
1886-01-01,5.2,0.2383,9.702810023484625,0.275,11.197116057315451,7.992232066,16.692317470797654,211.72728544741943,3.37
1886-02-01,5.3,0.2367,9.63766316642388,0.28,11.400699985630279,7.992232066,17.006648259461,215.79896401371593,3.3825000000000003
1886-03-01,5.19,0.235,9.683721421394871,0.285,11.744087681266118,7.897091074,16.843266101570137,213.86601777463568,3.3950000000000005
1886-04-01,5.12,0.2333,9.730913093871443,0.29,12.095862825643884,7.801941983,16.801716131246305,213.5545436803334,3.4075
1886-05-01,5.02,0.2317,9.905780188147364,0.295,12.612020524399968,7.611651901,16.86319551509783,214.61811197453503,3.42
1886-06-01,5.25,0.23,9.95757493769899,0.3,12.988141223085636,7.51650281,17.831494055376883,227.29247140399863,3.4325
1886-07-01,5.33,0.2283,9.760421307527162,0.305,13.039546643871153,7.611651901,17.84584504153221,227.87142167814181,3.445
1886-08-01,5.37,0.2267,9.572368379978995,0.31,13.089696505485168,7.706792893,17.723912799619274,226.74732333695277,3.4575
1886-09-01,5.51,0.225,9.500586173336009,0.315,13.300820642670415,7.706792893,18.14714392580003,232.6587991781396,3.4699999999999998
1886-10-01,5.65,0.2233,9.428803966693026,0.32,13.511944779855657,7.706792893,18.562381342866566,238.5702750193265,3.4825
1886-11-01,5.79,0.2217,9.361244242793749,0.325,13.723068917040903,7.706792893,18.968312634942837,244.4817508605133,3.495
1886-12-01,5.64,0.22,9.176171798764328,0.33,13.76425769814649,7.801941983,18.194057556886438,235.24367702286725,3.5075
1887-01-01,5.58,0.2225,9.059484810009774,0.3325,13.538331232935954,7.992232066,17.512222096304953,227.19966399934623,3.52
1887-02-01,5.54,0.225,9.053493161581185,0.335,13.479645373909767,8.087381157,17.125366596972317,222.9171205118212,3.5324999999999998
1887-03-01,5.67,0.2275,9.1540875300432,0.3375,13.580239742371777,8.087381157,17.473213711513754,228.14802767184585,3.5450000000000004
1887-04-01,5.8,0.23,9.254681898505213,0.34,13.680834110833791,8.087381157,17.822983639100713,233.37893483187054,3.5575
1887-05-01,5.9,0.2325,9.355276266967225,0.3425,13.781428479295805,8.087381157,18.075445427458245,237.40270957035108,3.5700000000000003
1887-06-01,5.73,0.235,9.56844463079684,0.345,14.047291053723018,7.992232066,17.707695663272993,233.30718184879103,3.5825
1887-07-01,5.59,0.2375,9.786739734388432,0.3475,14.31954550610518,7.897091074,17.431460535613077,230.34894785360564,3.5949999999999998
1887-08-01,5.45,0.24,9.772028559111666,0.35,14.250874982037846,7.992232066,16.739849614820706,221.90648186316074,3.6075
1887-09-01,5.38,0.2425,9.992776360375558,0.3525,14.525582132092303,7.897091074,16.676629667380144,221.6954095621464,3.62
1887-10-01,5.2,0.245,9.975612487426492,0.355,14.454458910352672,7.992232066,15.880666812517312,211.72728544741943,3.6325
1887-11-01,5.3,0.2475,9.958842477739303,0.3575,14.384994690067883,8.087381157,15.950712201066777,213.2600611394679,3.6450000000000005
1887-12-01,5.27,0.25,9.828177278709155,0.36,14.152575281341186,8.277679339,15.455513454469944,207.177977035189,3.6574999999999998
1888-01-01,5.31,0.2483,9.650398758122044,0.3517,13.669131064162398,8.372844628,15.358662514259905,206.37783892721728,3.67
1888-02-01,5.28,0.2467,9.698445338630195,0.3433,13.496053039123414,8.277679339,15.418178318820535,207.5711041263374,3.6516666666666664
1888-03-01,5.08,0.245,9.631613733134973,0.335,13.169757553470271,8.277679339,14.808972366946566,199.70856230337003,3.6333333333333337
1888-04-01,5.1,0.2433,9.676023642147003,0.3267,12.992835692106148,8.18251405,15.020108681844462,202.82663614858083,3.615
1888-05-01,5.17,0.2417,9.725463542907432,0.3183,12.807674992583518,8.087381157,15.387916957229134,208.02915397944324,3.5966666666666667
1888-06-01,5.01,0.24,9.772028559111666,0.31,12.622203555519235,7.992232066,15.077628818434693,203.991096171456,3.578333333333333
1888-07-01,5.14,0.2383,9.588655201799096,0.3017,12.139728385995749,8.087381157,15.279642515498171,206.82202155789903,3.5600000000000005
1888-08-01,5.25,0.2367,9.524274805983406,0.2933,11.801731307963385,8.087381157,15.602911670088806,211.24817377022765,3.541666666666667
1888-09-01,5.38,0.235,9.455870635429237,0.285,11.4677580046695,8.087381157,15.98782882176142,216.47908093025234,3.5233333333333334
1888-10-01,5.35,0.2333,9.278324355581159,0.2767,11.004339259276925,8.18251405,15.7159418743297,212.76911831272693,3.505
1888-11-01,5.24,0.2317,9.108754701907644,0.2683,10.547599855510665,8.277679339,15.223749016946277,205.9985957617439,3.486666666666667
1888-12-01,5.14,0.23,9.041923096412424,0.26,10.221304369857522,8.277679339,14.946748301089224,202.06732485026023,3.4683333333333333
1889-01-01,5.24,0.2292,9.332287273951641,0.2633,10.720729665058757,7.992232066,15.802286071028158,213.35595687393803,3.45
1889-02-01,5.3,0.2283,9.407632342572123,0.2667,10.989993630153242,7.897091074,16.19272044784899,218.3988235463524,3.4475000000000002
1889-03-01,5.19,0.2275,9.488995837358566,0.27,11.261665389392583,7.801941983,16.06504536076929,216.47423470721301,3.445
1889-04-01,5.18,0.2267,9.455627939908515,0.2733,11.399307966374046,7.801941983,16.050104533967477,216.0571359890873,3.4425
1889-05-01,5.32,0.2258,9.653539777659367,0.2767,11.8296477257677,7.611651901,16.915421076068377,227.44389555867062,3.4400000000000004
1889-06-01,5.41,0.225,9.61933768810167,0.28,11.970731345193192,7.611651901,17.219302943947685,231.29163063391127,3.4375
1889-07-01,5.3,0.2242,9.585135598543976,0.2833,12.11181496461868,7.611651901,16.889214491107516,226.58884331972823,3.4350000000000005
1889-08-01,5.37,0.2233,9.54665824779157,0.2867,12.257173845238885,7.611651901,17.131853975345727,229.58152615602654,3.4325
1889-09-01,5.5,0.2225,9.395024104743388,0.29,12.24519995674419,7.706792893,17.350788026348596,232.2365509037691,3.4299999999999997
1889-10-01,5.4,0.2217,9.361244242793749,0.2933,12.384541887286451,7.706792893,17.05321440295549,228.01406816006423,3.4275
1889-11-01,5.35,0.2208,9.323241898100402,0.2967,12.52810630057242,7.706792893,16.906021170249367,225.90282678821177,3.4250000000000003
1889-12-01,5.32,0.22,9.176171798764328,0.3,12.512961543769535,7.801941983,16.610338076603387,221.89651804284645,3.4225
1890-01-01,5.38,0.22,9.405574628366079,0.2992,12.791581494577866,7.611651901,17.220071982181906,230.00905227549774,3.42
1890-02-01,5.32,0.22,9.405574628366079,0.2983,12.75310414382546,7.611651901,17.026814982671407,227.44389555867062,3.4366666666666665
1890-03-01,5.28,0.22,9.405574628366079,0.2975,12.718902054267765,7.611651901,16.901122288589907,225.73379108078586,3.4533333333333336
1890-04-01,5.39,0.22,9.405574628366079,0.2967,12.68469996471007,7.611651901,17.257854542603194,230.4365783949689,3.4699999999999998
1890-05-01,5.62,0.22,9.289462036150764,0.2958,12.490103955879075,7.706792893,17.786430487858617,237.303530196215,3.4866666666666664
1890-06-01,5.58,0.22,9.289462036150764,0.295,12.456324093929434,7.706792893,17.684360844450158,235.61453709873302,3.5033333333333334
1890-07-01,5.54,0.22,9.289462036150764,0.2942,12.422544231979796,7.706792893,17.58929544086486,233.9255440012511,3.5199999999999996
1890-08-01,5.41,0.22,8.95769284585236,0.2933,11.942233234947714,7.992232066,16.5967911339791,220.2778104366421,3.536666666666667
1890-09-01,5.32,0.22,8.85230442465716,0.2925,11.76954111005554,8.087381157,16.1697020006153,214.06481608716405,3.5533333333333337
1890-10-01,5.08,0.22,8.85230442465716,0.2917,11.737350912147697,8.087381157,15.482849163344433,204.40775671481074,3.57
1890-11-01,4.71,0.22,9.065611543433496,0.2908,11.983090167411186,7.897091074,14.7450434932928,194.08650167987167,3.586666666666667
1890-12-01,4.6,0.22,9.065611543433496,0.29,11.950124307253242,7.897091074,14.442991231338436,189.5536959081549,3.6033333333333335
1891-01-01,4.84,0.22,9.176171798764328,0.2942,12.27104428725666,7.801941983,15.428980086469092,201.8757795728152,3.62
1891-02-01,4.9,0.22,9.065611543433496,0.2983,12.292145106391873,7.897091074,15.476522332432534,201.9158934673824,3.618333333333333
1891-03-01,4.81,0.22,8.95769284585236,0.3025,12.316827663046995,7.992232066,15.051623357657379,195.84773903886293,3.616666666666667
1891-04-01,4.97,0.22,8.85230442465716,0.3067,12.340917122919773,8.087381157,15.408945125474121,199.98160450248216,3.6149999999999998
1891-05-01,4.95,0.22,8.95769284585236,0.3108,12.654776984049608,7.992232066,15.566495230713247,201.5480890316781,3.6133333333333333
1891-06-01,4.85,0.22,9.176171798764328,0.315,13.138609620958015,7.801941983,15.658211395638142,202.29287829094082,3.611666666666667
1891-07-01,4.77,0.22,9.289462036150764,0.3192,13.478164917906017,7.706792893,15.617919238645989,201.4124268747234,3.61
1891-08-01,4.93,0.22,9.289462036150764,0.3233,13.651286710397919,7.706792893,16.16399850996303,208.16839926465124,3.6083333333333334
1891-09-01,5.33,0.22,9.405574628366079,0.3275,14.001480412681321,7.611651901,17.711261413256523,227.87142167814181,3.6066666666666665
1891-10-01,5.33,0.22,9.405574628366079,0.3317,14.181041382859219,7.611651901,17.716568589826355,227.87142167814181,3.6049999999999995
1891-11-01,5.25,0.22,9.524636896929469,0.3358,14.538059409040523,7.51650281,17.671739174763992,227.29247140399863,3.6033333333333335
1891-12-01,5.41,0.22,9.524636896929469,0.34,14.719893386163724,7.51650281,18.206303000209928,234.219480056311,3.601666666666667
1892-01-01,5.51,0.2217,9.847539689110645,0.3425,15.213271734417665,7.326212727,19.016388404225264,244.74489709968267,3.6
1892-02-01,5.52,0.2233,9.918608987723983,0.345,15.324317513501002,7.326212727,19.03642504097843,245.18908021601604,3.6125000000000003
1892-03-01,5.58,0.225,10.260628322716357,0.3475,15.846970409528597,7.135922645,19.73805484932301,254.46358240336568,3.625
1892-04-01,5.57,0.2267,10.477862983974052,0.35,16.176674214340174,7.040773554,19.943265241638635,257.44021535392795,3.6374999999999997
1892-05-01,5.57,0.2283,10.551813494668178,0.3525,16.292221887299746,7.040773554,19.9114652134898,257.44021535392795,3.65
1892-06-01,5.54,0.23,10.630385912280689,0.355,16.40776956025932,7.040773554,19.76928439713674,256.05364327841306,3.6625
1892-07-01,5.54,0.2317,10.427133536046007,0.3575,16.088477510299732,7.231071736,19.211886434505555,249.31514799177768,3.675
1892-08-01,5.62,0.2333,10.362792104057345,0.36,15.990592188001047,7.326212727,19.20430380317382,249.63091137934967,3.6875
1892-09-01,5.48,0.235,10.438303233834016,0.3625,16.101637967084386,7.326212727,18.6942718095882,243.41234775068264,3.7
1892-10-01,5.59,0.2367,10.513814363610688,0.365,16.212683746167727,7.326212727,19.040214915324707,248.2983620303496,3.7125
1892-11-01,5.57,0.2383,10.316913511537694,0.3675,15.910472998279905,7.51650281,18.463312690799995,241.14648870862334,3.725
1892-12-01,5.51,0.24,10.260626867308448,0.37,15.81846642043386,7.611651901,18.013009251275736,235.5668918286231,3.7375
1893-01-01,5.61,0.2408,9.922723907539936,0.3608,14.867602931230934,7.897091074,17.65664370809877,231.17309435755416,3.75
1893-02-01,5.51,0.2417,9.841247094738707,0.3517,14.320093517664889,7.992232066,17.125193854872446,224.34948900293864,3.7458333333333336
1893-03-01,5.31,0.2425,10.114643914547042,0.3425,14.285631095803556,7.801941983,16.899589031582323,221.47941932472077,3.7416666666666667
1893-04-01,5.31,0.2433,10.273300515434004,0.3333,14.07353498476841,7.706792893,17.102541578254918,224.21383369072979,3.7375000000000003
1893-05-01,4.84,0.2442,10.440187837486347,0.3242,13.860396793255829,7.611651901,15.78098731077625,206.9226418240537,3.7333333333333334
1893-06-01,4.61,0.245,10.74296226962371,0.315,13.812380060944772,7.421361818,15.41650386359769,202.14308597128698,3.729166666666667
1893-07-01,4.18,0.2458,11.061672089599089,0.3058,13.761836147271772,7.231071736,14.349854182760948,188.11142935119688,3.7250000000000005
1893-08-01,4.08,0.2467,11.558431846685995,0.2967,13.901040652256727,6.945632562,14.588056535807809,191.15687853457175,3.7208333333333337
1893-09-01,4.37,0.2475,11.138176737899814,0.2875,12.938286109681604,7.231071736,15.012069079138762,196.6619488671604,3.716666666666667
1893-10-01,4.5,0.2483,11.02906677855739,0.2783,12.361616127557475,7.326212727,15.271794153520185,199.88240235001308,3.7125000000000004
1893-11-01,4.57,0.2492,11.364215902315184,0.2692,12.276271753223305,7.135922645,15.942411400571666,208.40476193250558,3.7083333333333335
1893-12-01,4.41,0.25,11.554767295957268,0.26,12.01695798779556,7.040773554,15.612694335464932,203.82609510068622,3.704166666666667
1894-01-01,4.32,0.2467,11.718971506149924,0.2517,11.956486129298483,6.850483471,15.739869351948224,205.2126344003554,3.7
1894-02-01,4.38,0.2433,11.720234709953633,0.2433,11.720234709953633,6.755342479,16.202736596449924,210.9931279473774,3.6800000000000006
1894-03-01,4.51,0.24,11.896374206501253,0.235,11.648533077199145,6.565052397,17.18762208812193,223.55269863050273,3.66
1894-04-01,4.57,0.2367,11.732799061161863,0.2267,11.237116802557646,6.565052397,17.43484907805245,226.52679218212805,3.64
1894-05-01,4.4,0.2333,11.564267093236428,0.2183,10.8207437053301,6.565052397,16.808751920918002,218.10019378585633,3.62
1894-06-01,4.34,0.23,11.400691947897036,0.21,10.409327430688597,6.565052397,16.606319695292523,215.12610023423102,3.6000000000000005
1894-07-01,4.25,0.2267,11.237116802557646,0.2017,9.997911156047095,6.565052397,16.289679714916947,210.66495990679303,3.58
1894-08-01,4.41,0.2233,10.75679576955465,0.1933,9.311637358956174,6.755342479,16.45777707299836,212.43828635797584,3.5599999999999996
1894-09-01,4.48,0.22,10.450643418536616,0.185,8.7880410564967,6.850483471,16.522315444877215,212.8131023411093,3.54
1894-10-01,4.34,0.2167,10.587992944327405,0.1767,8.633587232407255,6.660193388,16.502904205708425,212.0530197433361,3.5200000000000005
1894-11-01,4.34,0.2133,10.42186845881419,0.1683,8.223162032904025,6.660193388,16.54278444744455,212.0530197433361,3.5
1894-12-01,4.3,0.21,10.409327430688597,0.16,7.930916137667503,6.565052397,16.672466333767723,213.1433711998141,3.4800000000000004
1895-01-01,4.25,0.2083,10.325061446725881,0.1675,8.302677831620668,6.565052397,16.524443935162708,210.66495990679303,3.46
1895-02-01,4.19,0.2067,10.245752285349205,0.175,8.674439525573831,6.565052397,16.3312376932114,207.69086635516777,3.4716666666666667
1895-03-01,4.19,0.205,10.161486301386487,0.1825,9.046201219526996,6.565052397,16.36462542717479,207.69086635516777,3.4833333333333334
1895-04-01,4.37,0.2033,9.657344577220428,0.19,9.025555679645258,6.850483471,16.387543823686293,207.58778063184099,3.495
1895-05-01,4.61,0.2017,9.450083921672334,0.1975,9.253304782004394,6.945632562,17.080369553382383,215.98853187362153,3.506666666666667
1895-06-01,4.7,0.2,9.243813836765815,0.205,9.474909182684959,7.040773554,17.20741353978338,217.22962516399667,3.518333333333333
1895-07-01,4.72,0.1983,9.290786522893523,0.2125,9.956087423675614,6.945632562,17.546014648740552,221.14227124587714,3.53
1895-08-01,4.79,0.1967,9.34382527466433,0.22,10.450643418536616,6.850483471,18.074072547241784,227.53900897631993,3.541666666666667
1895-09-01,4.82,0.195,9.26307030279382,0.2275,10.806915353259456,6.850483471,18.200335946605456,228.96409671521133,3.5533333333333332
1895-10-01,4.75,0.1933,9.18231533092331,0.235,11.163187287982295,6.850483471,17.944706622466466,225.6388919911315,3.5649999999999995
1895-11-01,4.59,0.1917,9.10631065151577,0.2425,11.519459222705134,6.850483471,17.34299899192169,218.03842405037759,3.5766666666666667
1895-12-01,4.32,0.19,9.152669933790342,0.25,12.042986754987293,6.755342479,16.548415156667954,208.10281112618046,3.588333333333334
1896-01-01,4.27,0.1892,9.244339017382302,0.2467,12.053797228267516,6.660193388,16.576224828568183,208.63280974747585,3.6
1896-02-01,4.45,0.1883,9.333696929517442,0.2433,12.059949351840645,6.565052397,17.51540335263726,220.57860507887742,3.5833333333333335
1896-03-01,4.38,0.1875,9.294042348829105,0.24,11.896374206501253,6.565052397,17.2323627122986,217.1088292686479,3.5666666666666664
1896-04-01,4.42,0.1867,9.39048664663305,0.2367,11.90534648772385,6.469903306,17.643699378129995,222.3136099524268,3.55
1896-05-01,4.4,0.1858,9.484705191884801,0.2333,11.9094818152138,6.374754215,17.828266894232815,224.61088721363362,3.533333333333333
1896-06-01,4.32,0.185,9.586948727908942,0.23,11.918909229292199,6.279613223,17.77757861643045,223.8682081327926,3.5166666666666666
1896-07-01,4.04,0.1842,9.545491652328796,0.2267,11.747898792524094,6.279613223,16.637100103394573,209.35823167974124,3.5
1896-08-01,3.81,0.1833,9.49885244230113,0.2233,11.57170622130847,6.279613223,15.703370546226864,197.43932245044903,3.4833333333333334
1896-09-01,4.01,0.1825,9.457395366720982,0.22,11.400695784540364,6.279613223,16.544339943032007,207.8035913454857,3.466666666666667
1896-10-01,4.1,0.1817,9.13900066252397,0.2167,10.899402551287531,6.469903306,16.43886680472588,206.21850696944566,3.4499999999999997
1896-11-01,4.38,0.1808,8.83391381787907,0.2133,10.42186845881419,6.660193388,17.089425242371107,214.00742545525625,3.4333333333333336
1896-12-01,4.22,0.18,8.794825703640669,0.21,10.26062998758078,6.660193388,16.501404180590082,206.18980260757564,3.4166666666666665
1897-01-01,4.22,0.18,9.053495427926883,0.2183,10.979878066202437,6.469903306,17.026521282380546,212.25417058806357,3.4
1897-02-01,4.18,0.18,9.053495427926883,0.2267,11.402374519505692,6.469903306,16.894025883254084,210.24228271519092,3.3958333333333335
1897-03-01,4.19,0.18,9.053495427926883,0.235,11.819841253126764,6.469903306,16.95803071672103,210.74525468340914,3.3916666666666666
1897-04-01,4.06,0.18,9.188627204194102,0.2433,12.419961104335693,6.374754215,16.696857434734653,207.25459138348918,3.3874999999999997
1897-05-01,4.08,0.18,9.327842005533025,0.2517,13.04343240440368,6.279613223,17.04775512922938,211.43108545874856,3.3833333333333333
1897-06-01,4.27,0.18,9.327842005533025,0.26,13.473549563547703,6.279613223,17.850497280690604,221.2771409090334,3.3791666666666664
1897-07-01,4.46,0.18,9.327842005533025,0.2683,13.903666722691725,6.279613223,18.651975755820278,231.12319635931826,3.375
1897-08-01,4.75,0.18,8.92228065487594,0.2767,13.715528095578739,6.565052397,19.006396010519435,235.449072837004,3.3708333333333336
1897-09-01,4.98,0.18,8.67095046359085,0.285,13.729004900685513,6.755342479,19.372370293397793,239.89629615934692,3.3666666666666667
1897-10-01,4.82,0.18,8.794825703640669,0.2933,14.330679882654488,6.660193388,19.02803122390242,235.5058882863779,3.3625000000000003
1897-11-01,4.65,0.18,8.794825703640669,0.3017,14.74110508215772,6.660193388,18.358448098050218,227.19966401071727,3.3583333333333334
1897-12-01,4.75,0.18,8.794825703640669,0.31,15.14664426738115,6.660193388,18.7487576625255,232.08567829051765,3.3541666666666665
1898-01-01,4.88,0.1817,8.877887946397275,0.3133,15.307882738614563,6.660193388,19.249000021813753,238.43749685425811,3.35
1898-02-01,4.87,0.1833,8.829917888756682,0.3167,15.256055621217902,6.755342479,18.918131888002137,234.5973819871525,3.3291666666666666
1898-03-01,4.65,0.185,8.911810198690597,0.32,15.415023046383736,6.755342479,18.04217492346868,223.9995536427637,3.308333333333333
1898-04-01,4.57,0.1867,8.99370250862451,0.3233,15.573990471549566,6.755342479,17.70508942641177,220.1457978811677,3.2875
1898-05-01,4.87,0.1883,8.474014867662769,0.3267,14.702393294027756,7.231071736,17.595635274512812,219.16331601443275,3.2666666666666666
1898-06-01,5.06,0.19,9.152669933790342,0.33,15.896742516583227,6.755342479,19.544817480547984,243.7500519209428,3.2458333333333336
1898-07-01,5.08,0.1917,9.366489374377313,0.3333,16.285085594574635,6.660193388,19.8589430141673,248.20952541385884,3.225
1898-08-01,5.27,0.1933,9.444665602854117,0.3367,16.45121008008785,6.660193388,20.544915179153275,257.49295254547957,3.2041666666666666
1898-09-01,5.26,0.195,9.527727845610723,0.34,16.61244855132126,6.660193388,20.442732862691294,257.00435111749954,3.1833333333333336
1898-10-01,5.15,0.1967,9.61079008836733,0.3433,16.773687022554675,6.660193388,19.947199825773655,251.62973540971913,3.1625
1898-11-01,5.32,0.1983,9.688966316844136,0.3467,16.939811508067887,6.660193388,20.527416324811288,259.93595968537977,3.1416666666666666
1898-12-01,5.65,0.2,9.634389403989836,0.35,16.86018145698221,6.755342479,21.403631985448175,272.17150066271284,3.1208333333333336
1899-01-01,6.08,0.2008,9.672926961605794,0.3608,17.38043848479766,6.755342479,22.932807416487176,292.88543788129095,3.1
1899-02-01,6.31,0.2017,9.450083921672334,0.3717,17.414953860612822,6.945632562,23.048117549980194,295.63723126302637,3.104166666666667
1899-03-01,6.4,0.2025,9.487565662561465,0.3825,17.920957362616104,6.945632562,23.279682245508724,299.85392711305377,3.1083333333333334
1899-04-01,6.48,0.2033,9.396336765072451,0.3933,18.177959909999974,7.040773554,23.15242152568649,299.4995683112124,3.1125000000000003
1899-05-01,6.21,0.2042,9.437933927337896,0.4042,18.68174776410371,7.040773554,22.091269360834186,287.02041963157853,3.116666666666667
1899-06-01,6.07,0.205,9.348572471808236,0.415,18.925158906343505,7.135922645,21.212091925046835,276.80895075061466,3.1208333333333336
1899-07-01,6.28,0.2058,9.261562717817302,0.4258,19.16216426261714,7.231071736,21.561425634523125,282.6171713697408,3.125
1899-08-01,6.44,0.2067,9.181265014610602,0.4367,19.397476690277937,7.326212727,21.72623737305546,286.0539269186854,3.129166666666667
1899-09-01,6.37,0.2075,8.871166979027095,0.4475,19.131793846335544,7.611651901,20.591140514113782,272.3341381031451,3.1333333333333337
1899-10-01,6.34,0.2083,8.795431555137291,0.4583,19.351638414399524,7.706792893,20.15371346068661,267.7054059508902,3.1374999999999997
1899-11-01,6.46,0.2092,8.725705183188623,0.4692,19.570271854455555,7.801941983,20.1964575208023,269.44577190917073,3.1416666666666666
1899-12-01,6.02,0.21,8.653538291459245,0.48,19.77951609476399,7.897091074,18.5126496436002,248.06809768849837,3.145833333333333
1900-01-01,6.1,0.2175,8.962593230439934,0.48,19.77951609476399,7.897091074,18.67427536244478,251.3646837042924,3.15
1900-02-01,6.21,0.225,9.161276774167186,0.48,19.544057118223332,7.992232066,18.70379741725144,252.85123896701435,3.145833333333333
1900-03-01,6.26,0.2325,9.466652666639428,0.48,19.544057118223332,7.992232066,18.775793421238383,254.88707825016263,3.1416666666666666
1900-04-01,6.34,0.24,9.772028559111666,0.48,19.544057118223332,7.992232066,18.936402033322736,258.1444211031998,3.1374999999999997
1900-05-01,6.04,0.2475,10.323193273609867,0.48,20.020738470031258,7.801941983,18.403197016950422,251.92762574789333,3.1333333333333337
1900-06-01,5.86,0.255,10.767330996447477,0.48,20.267917169783487,7.706792893,17.992711584303986,247.43748878110677,3.129166666666667
1900-07-01,5.86,0.2625,10.948841350798345,0.48,20.020738470031258,7.801941983,17.689545468952808,244.41984882163163,3.125
1900-08-01,5.94,0.27,11.400703408003212,0.48,20.267917169783487,7.706792893,18.069614666784197,250.81547497607067,3.1208333333333336
1900-09-01,5.8,0.2775,11.574489427986823,0.48,20.020738470031258,7.801941983,17.34187415122472,241.91725651287769,3.116666666666667
1900-10-01,6.01,0.285,12.034075819558945,0.48,20.267917169783487,7.706792893,18.10239878455606,253.77121289666405,3.1125000000000003
1900-11-01,6.48,0.2925,12.350762025336811,0.48,20.267917169783487,7.706792893,19.419584603760764,273.6168817920771,3.1083333333333334
1900-12-01,6.87,0.3,12.825783584135559,0.48,20.521253734616895,7.611651901,20.744051160870853,293.71044407670433,3.104166666666667
1901-01-01,7.07,0.3017,12.739230437757664,0.4817,20.33969937642647,7.706792893,20.978581834536197,298.529529979936,3.1
1901-02-01,7.25,0.3033,12.966867203561051,0.4833,20.66233735404239,7.611651901,21.679149848206194,309.9564366166094,3.106666666666667
1901-03-01,7.51,0.305,13.039546643871153,0.485,20.73501679435249,7.611651901,22.34758395068386,321.07211572286025,3.1133333333333333
1901-04-01,8.14,0.3067,13.278209710401216,0.4867,21.071094444252598,7.51650281,24.409716994827217,352.4115651863903,3.12
1901-05-01,7.73,0.3083,13.347479796924341,0.4883,21.140364530775724,7.51650281,23.06401268486357,334.66110551483996,3.126666666666667
1901-06-01,8.5,0.31,13.421079263855159,0.49,21.213963997706543,7.51650281,25.23846620596035,367.99733465409304,3.1333333333333333
1901-07-01,7.93,0.3117,13.325989143916846,0.4917,21.021459294398184,7.611651901,23.14484855370811,339.02821274064996,3.14
1901-08-01,8.04,0.3133,13.22903843602743,0.4933,20.829507374696238,7.706792893,23.07717771384438,339.48761259387334,3.146666666666667
1901-09-01,8,0.315,13.138609620958015,0.495,20.646386547219734,7.801941983,22.59046831686024,333.67897450052095,3.1533333333333333
1901-10-01,7.91,0.3167,13.209516403039373,0.4967,20.717293329301093,7.801941983,22.252901618408934,329.9250860373901,3.16
1901-11-01,8.08,0.3183,13.116291610340372,0.4983,20.533610145876867,7.897091074,22.375074777652806,332.9551875951939,3.1666666666666665
1901-12-01,7.95,0.32,13.029371412148887,0.5,20.358392831482636,7.992232066,21.68021514102969,323.69844602057395,3.173333333333334
1902-01-01,8.12,0.3208,13.219309923333933,0.5108,21.048701710844682,7.897091074,22.34029079603357,334.6034806030908,3.18
1902-02-01,8.19,0.3217,13.256396516011616,0.5217,21.497861555496613,7.897091074,22.459957452460404,337.4879933669106,3.1900000000000004
1902-03-01,8.2,0.3225,13.289362376169557,0.5325,21.942900667628802,7.897091074,22.410652288217346,337.9000666188848,3.1999999999999997
1902-04-01,8.48,0.3233,13.163736804836672,0.5433,22.121429650689034,7.992232066,22.823108698497855,345.2783424219455,3.21
1902-05-01,8.46,0.3242,13.045077702153867,0.5542,22.29975960065908,8.087381157,22.427954493329807,340.4113428754526,3.2199999999999998
1902-06-01,8.41,0.325,12.925226813389957,0.565,22.470009690970226,8.18251405,21.963742295514628,334.4651000018755,3.2300000000000004
1902-07-01,8.6,0.3258,12.957042756315223,0.5758,22.899524920461342,8.18251405,22.38568658940137,342.0213864466265,3.2399999999999998
1902-08-01,8.83,0.3267,13.14567207061588,0.5867,23.60748639066525,8.087381157,23.16867183409286,355.2993094078305,3.25
1902-09-01,8.85,0.3275,13.024651635031416,0.5975,23.762532372309227,8.18251405,22.8565663819545,351.96386861077264,3.26
1902-10-01,8.57,0.3283,12.204906299695905,0.6083,22.6142080478374,8.753424793,20.604425401859807,318.5989856484737,3.27
1902-11-01,8.24,0.3292,12.650980722225304,0.6192,23.795526315923173,8.467928926,20.40854125507218,316.65881273127735,3.2800000000000002
1902-12-01,8.05,0.33,12.540786928618424,0.63,23.94150231827154,8.563094215,19.63323212682384,305.91919628902525,3.29
1903-01-01,8.46,0.3317,12.466841696085995,0.6217,23.36640181626971,8.658259504,20.318132053828496,317.9664779888077,3.3
1903-02-01,8.41,0.3333,12.526977200197353,0.6133,23.050690419685075,8.658259504,20.10705151755281,316.08724348532775,3.308333333333333
1903-03-01,8.08,0.335,13.020070817442148,0.605,23.513859237470147,8.372844628,19.884560384872838,314.03633494009716,3.3166666666666664
1903-04-01,7.75,0.3367,13.086142818605285,0.5967,23.191272408261877,8.372844628,18.980022601826267,301.21059353784074,3.325
1903-05-01,7.6,0.3383,13.454166864522529,0.5883,23.39664902866865,8.18251405,18.954858723039873,302.251457790042,3.333333333333333
1903-06-01,7.18,0.34,13.521775743238724,0.58,23.066558620818995,8.18251405,17.818551722968515,285.5480877542766,3.341666666666667
1903-07-01,6.85,0.3417,13.589384621954917,0.5717,22.736468212969346,8.18251405,16.91817841476666,272.42401129760367,3.3499999999999996
1903-08-01,6.63,0.3433,13.653016507805452,0.5633,22.402400812254037,8.18251405,16.299118790903496,263.6746269931551,3.3583333333333334
1903-09-01,6.47,0.345,13.562884644618634,0.555,21.81855355873433,8.277679339,15.654359115196918,254.35322797299295,3.3666666666666663
1903-10-01,6.26,0.3467,13.78823426523784,0.5467,21.742219996554734,8.18251405,15.252943825778843,248.95975339021885,3.3749999999999996
1903-11-01,6.28,0.3483,14.014807414127674,0.5383,21.659979417240674,8.087381157,15.407877534297896,252.69305357657709,3.3833333333333333
1903-12-01,6.57,0.35,14.083211584681843,0.53,21.326006113946793,8.087381157,16.04289414005014,264.3620003181706,3.3916666666666666
1904-01-01,6.68,0.3467,13.629716250113857,0.5267,20.706003890784448,8.277679339,15.86183391403364,262.60889688710864,3.4
1904-02-01,6.5,0.3433,13.192836214884409,0.5233,20.11014037648998,8.467928926,15.021498380331433,249.79153916909013,3.4066666666666667
1904-03-01,6.48,0.34,13.214400232627852,0.52,20.210259179313184,8.372844628,15.081930176258863,251.85092208067198,3.4133333333333336
1904-04-01,6.64,0.3367,13.236589158965492,0.5167,20.312876799636086,8.277679339,15.565490611691482,261.03638852251515,3.42
1904-05-01,6.5,0.3333,13.411241203355596,0.5133,20.654035732620542,8.087381157,15.525820896254634,261.5453580012342,3.4266666666666667
1904-06-01,6.51,0.33,13.278456636985739,0.51,20.521251166250686,8.087381157,15.474433638652659,261.9477354750823,3.4333333333333336
1904-07-01,6.78,0.3267,13.14567207061588,0.5067,20.38846659988083,8.087381157,16.03640162962411,272.81192726897973,3.44
1904-08-01,7.01,0.3233,12.857617934673762,0.5033,20.016205092858964,8.18251405,16.304651978851037,278.7871998826572,3.4466666666666663
1904-09-01,7.32,0.32,12.58006691674772,0.5,19.65635455741831,8.277679339,16.742600049163695,287.7690307206041,3.453333333333333
1904-10-01,7.75,0.3167,12.450334976668758,0.4967,19.52662261733935,8.277679339,17.633197370821406,304.67349563998386,3.46
1904-11-01,8.17,0.3133,12.039952187950146,0.4933,18.957256349555717,8.467928926,18.076200223770073,313.96875000176414,3.466666666666667
1904-12-01,8.25,0.31,11.913134944987377,0.49,18.83043910659295,8.467928926,18.159679118703203,317.0431074069221,3.473333333333333
1905-01-01,8.43,0.3117,11.978465039846984,0.505,19.40688112006008,8.467928926,18.459852032455853,323.9604115685277,3.48
1905-02-01,8.8,0.3133,12.039952187950146,0.52,19.983323133527215,8.467928926,19.16899637582983,338.1793145673836,3.475833333333333
1905-03-01,9.05,0.315,12.242753156699333,0.535,20.793247424870295,8.372844628,19.831506074218424,351.73624148612373,3.4716666666666667
1905-04-01,8.94,0.3167,12.30882515786247,0.55,21.376235670427405,8.372844628,19.482927524711283,347.46099435203814,3.4675
1905-05-01,8.5,0.3183,12.5132353112525,0.565,22.21168064988269,8.277679339,18.629487509845127,334.1580274761113,3.463333333333333
1905-06-01,8.6,0.32,12.58006691674772,0.58,22.80137128660524,8.277679339,18.735862386183534,338.0892983875949,3.4591666666666665
1905-07-01,8.87,0.3217,12.646898522242942,0.595,23.39106192332779,8.277679339,19.205883309548053,348.70372984860086,3.455
1905-08-01,9.2,0.3233,12.565339985907599,0.61,23.70818865265585,8.372844628,19.57330843080372,357.5661239416948,3.4508333333333336
1905-09-01,9.23,0.325,12.776630462321904,0.625,24.57044319677289,8.277679339,19.74349241969778,362.85630512994203,3.4466666666666663
1905-10-01,9.36,0.3267,12.843462067817125,0.64,25.16013383349544,8.277679339,19.897394814329537,367.96695731487074,3.4425000000000003
1905-11-01,9.31,0.3283,12.759669401093303,0.655,25.457153389327182,8.372844628,19.44352569326499,361.8413710757803,3.438333333333334
1905-12-01,9.54,0.33,12.681724296276885,0.67,25.747743268198526,8.467928926,19.577960809096123,366.6171205650954,3.434166666666667
1906-01-01,9.87,0.3358,12.90461520815084,0.6775,26.03596427493209,8.467928926,20.1324022608079,379.2988448613723,3.43
1906-02-01,9.8,0.3417,13.131349066781247,0.685,26.32418528166566,8.467928926,19.8667525636759,376.608782131859,3.45
1906-03-01,9.56,0.3475,13.354239978655205,0.6925,26.61240628839922,8.467928926,19.25945302085412,367.38570991638494,3.4700000000000006
1906-04-01,9.43,0.3533,13.577130890529164,0.7,26.900627295132786,8.467928926,18.876204996115888,362.3898791330031,3.49
1906-05-01,9.18,0.3592,13.650456559877995,0.7075,26.886687127265258,8.563094215,18.054044460926402,348.86189092338526,3.51
1906-06-01,9.3,0.365,13.87087039074462,0.715,27.171705012006584,8.563094215,18.172666376497506,353.4221770792465,3.5300000000000002
1906-07-01,9.06,0.3708,14.577152539781421,0.7225,28.40343233546946,8.277679339,18.195200143513755,356.17314458041983,3.55
1906-08-01,9.73,0.3767,14.476380431537887,0.73,28.05351132206705,8.467928926,18.967251477549308,373.91871940234574,3.5700000000000003
1906-09-01,10.03,0.3825,14.53591212180772,0.7375,28.02675866623057,8.563094215,19.200993682001364,381.1639178607357,3.59
1906-10-01,9.73,0.3883,14.43547096001194,0.745,27.69617786559077,8.753424793,18.095380908869103,361.7232357479171,3.61
1906-11-01,9.93,0.3942,14.497332181132755,0.7525,27.674384744551997,8.848509091,18.141851654007965,365.19154885501837,3.6300000000000003
1906-12-01,9.84,0.4,14.554107682082236,0.76,27.652804595956244,8.94367438,17.66000366776867,358.031048979223,3.6499999999999995
1907-01-01,9.56,0.4033,14.831999159438965,0.7517,27.64496347173387,8.848509091,17.21891385370599,351.58421017663403,3.67
1907-02-01,9.26,0.4067,14.642089631692974,0.7433,26.760425923868667,9.038839669,16.21707128876616,333.38025569087023,3.6866666666666665
1907-03-01,8.35,0.41,14.917960374134287,0.735,26.743172865826104,8.94367438,14.687545255978655,303.8169978634666,3.7033333333333336
1907-04-01,8.39,0.4133,15.038031762511467,0.7267,26.4411751314229,8.94367438,14.669709905602748,305.2724086316749,3.7199999999999998
1907-05-01,8.1,0.4167,14.845807639548935,0.7183,25.59093743097672,9.134004959,13.790107153424252,288.5794141596985,3.736666666666667
1907-06-01,7.84,0.42,14.809214236512531,0.71,25.03462406648547,9.229089256,13.144269952673211,276.438665748234,3.753333333333333
1907-07-01,8.14,0.4233,14.925572348370846,0.7017,24.741965785144867,9.229089256,13.585007357961846,287.0166759171714,3.7699999999999996
1907-08-01,7.53,0.4267,15.045456463618804,0.6933,24.44578150041462,9.229089256,12.513471604446615,265.5080552403318,3.7866666666666666
1907-09-01,7.45,0.43,15.161814575477115,0.685,24.15312321907401,9.229089256,12.328569657736635,262.6872525286152,3.8033333333333337
1907-10-01,6.64,0.4333,15.122240466462946,0.6767,23.616940049978016,9.324254545,10.83184015305061,231.7370798460973,3.82
1907-11-01,6.25,0.4367,15.889447061913279,0.6683,24.31627540983889,8.94367438,10.591177559189786,227.4079325325349,3.836666666666667
1907-12-01,6.57,0.44,16.357474175650925,0.66,24.53621126347639,8.753424793,11.333306235811175,244.24683030460585,3.853333333333333
1908-01-01,6.85,0.4367,16.41323415339389,0.6533,24.55407802246904,8.658259504,11.902968628266981,257.45512697675326,3.87
1908-02-01,6.6,0.4333,16.46643326112231,0.6467,24.576142141628896,8.563094215,11.554846295144793,250.81573857236845,3.8608333333333333
1908-03-01,6.87,0.43,16.341025391836126,0.64,24.32152616459331,8.563094215,11.984662664464299,261.07638242305626,3.8516666666666666
1908-04-01,7.24,0.4267,16.0373872526979,0.6333,23.802384221077055,8.658259504,12.448889158370372,272.11315610389687,3.8425
1908-05-01,7.63,0.4233,15.909599306461265,0.6267,23.554325266617706,8.658259504,13.078451355438343,286.7711852310405,3.833333333333333
1908-06-01,7.64,0.42,15.785569829231587,0.62,23.30250784315139,8.658259504,13.051684129229992,287.14703213173647,3.8241666666666663
1908-07-01,7.92,0.4167,15.491271565894866,0.6133,22.800088436197072,8.753424793,13.3454871048344,294.4345351617166,3.8149999999999995
1908-08-01,8.26,0.4133,15.364872901810287,0.6067,22.55472632356231,8.753424793,13.884232895208616,307.07440157017413,3.805833333333333
1908-09-01,8.17,0.41,15.242191845492904,0.6,22.30564660316035,8.753424793,13.701442268825113,303.72855457970013,3.7966666666666664
1908-10-01,8.27,0.4067,14.957039568916011,0.5933,21.819551453744452,8.848509091,13.690810359178707,304.142407757402,3.7874999999999996
1908-11-01,8.83,0.4033,14.674179070459411,0.5867,21.34723744269412,8.94367438,14.435014091256267,321.2819270819653,3.778333333333333
1908-12-01,9.03,0.4,14.400874975847529,0.58,20.881268714978912,9.038839669,14.582482908962444,325.09975257975793,3.769166666666667
1909-01-01,9.06,0.4033,14.674179070459411,0.595,21.649235177097324,8.94367438,14.764418456441359,329.6505389991626,3.76
1909-02-01,8.8,0.4067,14.642089631692974,0.61,21.96133433816748,9.038839669,14.167157516701373,316.81924946864564,3.7725
1909-03-01,8.92,0.41,14.760896850243714,0.625,22.501367149761762,9.038839669,14.336058380586223,321.1395119613999,3.7849999999999997
1909-04-01,9.32,0.4133,14.572972009406259,0.64,22.566421693733382,9.229089256,14.645198603086127,328.62351591499237,3.7975
1909-05-01,9.63,0.4167,14.542897766847705,0.655,22.859606520962913,9.324254545,14.953509786582787,336.08856610209597,3.8099999999999996
1909-06-01,9.8,0.42,14.509976452281157,0.67,23.14686719768661,9.419419835,15.040444676081004,338.56611721989367,3.8225
1909-07-01,9.94,0.4233,14.623983410120509,0.685,23.66508064241094,9.419419835,15.231503240497688,343.4027760373207,3.835
1909-08-01,10.18,0.4267,14.594000557075688,0.7,23.94141174116002,9.514585124,15.417580706254762,348.1765307500129,3.8474999999999997
1909-09-01,10.19,0.43,14.561347937132128,0.715,24.21247389546389,9.609669421,15.254446436821178,345.07008251017766,3.8600000000000003
1909-10-01,10.23,0.4333,14.388124428571432,0.73,24.24032040816327,9.8,14.98884529612177,339.6965448979593,3.8724999999999996
1909-11-01,10.18,0.4367,14.36156309162185,0.745,24.500491191340227,9.895165289,14.745631176824588,334.7852353393873,3.885
1909-12-01,10.3,0.44,14.332250456353998,0.76,24.75570533370236,9.990330579,14.75063848926503,335.5049538646504,3.8975000000000004
1910-01-01,10.08,0.4425,14.552305170695373,0.7575,24.911573258309023,9.895165289,14.547885040564148,331.49657880363696,3.91
1910-02-01,9.72,0.445,14.634521584089132,0.755,24.829356844915267,9.895165289,14.002037903032699,319.65741527493566,3.9158333333333335
1910-03-01,9.96,0.4475,14.439123896507473,0.7525,24.28031448518854,10.08541488,14.05000696507782,321.37133856807696,3.921666666666667
1910-04-01,9.72,0.45,14.384062357420643,0.75,23.97343726236774,10.18058017,13.559883620820079,310.6957469202859,3.9274999999999998
1910-05-01,9.56,0.4525,14.739416662500417,0.7475,24.34853912755594,9.990330579,13.568792287251451,311.40071446078235,3.9333333333333336
1910-06-01,9.1,0.455,14.963387237664168,0.745,24.500491191340227,9.895165289,13.019657302315938,299.26774475328335,3.9391666666666665
1910-07-01,8.64,0.4575,15.045603651057927,0.7425,24.418274777946472,9.895165289,12.342581259985216,284.1399246888317,3.9450000000000003
1910-08-01,8.85,0.46,15.274722448979597,0.74,24.572379591836743,9.8,12.745055150886254,293.8723775510205,3.9508333333333336
1910-09-01,8.91,0.4625,15.508334709648212,0.7375,24.729506699168766,9.704834711,12.937161101070844,298.76597246046606,3.956666666666667
1910-10-01,9.32,0.465,16.064616786454142,0.735,25.392458791492025,9.419419835,13.918866656445815,321.98328698871524,3.9625
1910-11-01,9.31,0.4675,16.484065846594305,0.7325,25.82797482915579,9.229089256,14.164523175780351,328.2709155760278,3.9683333333333333
1910-12-01,9.05,0.47,16.572215931335453,0.73,25.739824744414637,9.229089256,13.74147841778155,319.10330676294865,3.9741666666666666
1911-01-01,9.27,0.47,16.572215931335453,0.7183,25.327282347826074,9.229089256,14.0492151814012,326.8605142201694,3.98
1911-02-01,9.43,0.47,17.101076526446626,0.7067,25.713469747318786,8.94367438,14.721488469928298,343.11308860508865,3.9825
1911-03-01,9.32,0.47,16.921028096620844,0.695,25.021520270535078,9.038839669,14.370623221979528,335.54038693724743,3.985
1911-04-01,9.28,0.47,17.472756505808942,0.6833,25.402413873232447,8.753424793,14.752935420329347,344.99400079554675,3.9875
1911-05-01,9.48,0.47,17.472756505808942,0.6717,24.971171372238015,8.753424793,15.047660591685036,352.4292163299336,3.99
1911-06-01,9.67,0.47,17.472756505808942,0.66,24.53621126347639,8.753424793,15.328355684719279,359.492671087601,3.9924999999999997
1911-07-01,9.63,0.47,17.284997780650418,0.6483,23.842263959990778,8.848509091,15.083110578700262,354.1585715482203,3.995
1911-08-01,9.17,0.47,16.744731438896086,0.6367,22.68376703647902,9.134004959,13.89979066565444,326.700398499313,3.9975
1911-09-01,8.67,0.47,16.572215931335453,0.625,22.037521185286504,9.229089256,12.99795398325243,305.7044938822944,4
1911-10-01,8.72,0.47,16.572215931335453,0.6133,21.62497878869794,9.229089256,13.066472850619189,307.46749557711735,4.0024999999999995
1911-11-01,9.07,0.47,16.744731438896086,0.6017,21.436818950603776,9.134004959,13.727997586413089,323.1376896825266,4.005
1911-12-01,9.11,0.47,16.921028096620844,0.59,21.241290589375105,9.038839669,13.929258419578229,327.97992757492744,4.0075
1912-01-01,9.12,0.4708,16.77323310943038,0.5992,21.347751230184112,9.134004959,13.794952631845819,324.9190440909198,4.01
1912-02-01,9.04,0.4717,16.63215798895943,0.6083,21.44867861921565,9.229089256,13.531634369686586,318.75070642398396,4.046666666666667
1912-03-01,9.3,0.4725,16.3237235088163,0.6175,21.333120141151465,9.419419835,13.639769173944163,321.29233572908277,4.083333333333333
1912-04-01,9.59,0.4733,15.870475282327563,0.6267,21.014212675754667,9.704834711,13.654392690553228,321.56741592546234,4.12
1912-05-01,9.58,0.4742,15.900653663384176,0.6358,21.31934963977153,9.704834711,13.645500685612367,321.2321005803889,4.156666666666666
1912-06-01,9.58,0.475,16.08520993055293,0.645,21.842021905698196,9.609669421,13.785417404502523,324.4132865993623,4.193333333333333
1912-07-01,9.59,0.4758,16.11230081043597,0.6542,22.153567024353112,9.609669421,13.802876645015774,324.75192259790026,4.23
1912-08-01,9.81,0.4767,15.984482499652545,0.6633,22.241466838723582,9.704834711,13.984761763426272,328.9443535170788,4.266666666666667
1912-09-01,9.86,0.4775,15.855826020408166,0.6725,22.330980102040822,9.8,13.926285001315868,327.4103551020409,4.303333333333334
1912-10-01,9.84,0.4783,15.882390755102044,0.6817,22.636474551020413,9.8,13.905092701178464,326.746236734694,4.34
1912-11-01,9.73,0.4792,15.91227608163266,0.6908,22.93864840816327,9.8,13.749541018606532,323.09358571428584,4.376666666666667
1912-12-01,9.38,0.48,16.09513656352679,0.7,23.472074155143236,9.704834711,13.388999452579627,314.5257936789194,4.413333333333333
1913-01-01,9.3,0.48,15.938840816326534,0.6942,23.05154853061225,9.8,13.148088791761557,308.81504081632664,4.45
1913-02-01,8.97,0.48,15.938840816326534,0.6883,22.855633612244905,9.8,12.682960516236756,297.85708775510216,4.425833333333333
1913-03-01,8.8,0.48,15.938840816326534,0.6825,22.66303928571429,9.8,12.443453515183656,292.21208163265317,4.401666666666667
1913-04-01,8.79,0.48,15.938840816326534,0.6767,22.470444959183677,9.8,12.433067081795162,291.8800224489797,4.3775
1913-05-01,8.55,0.48,16.103158762886604,0.6708,22.504164371134028,9.7,12.221401061154118,286.83751546391767,4.3533333333333335
1913-06-01,8.12,0.48,15.938840816326534,0.665,22.081935714285724,9.8,11.491962852761224,269.6320571428572,4.3291666666666675
1913-07-01,8.23,0.48,15.77784242424243,0.6592,21.668236929292938,9.9,11.534022795459855,270.5242565656567,4.305
1913-08-01,8.45,0.48,15.77784242424243,0.6533,21.474300949494957,9.9,11.846840543564625,277.75576767676773,4.280833333333334
1913-09-01,8.53,0.48,15.620064000000005,0.6475,21.070815500000005,10,11.84331682662597,277.5815540000001,4.256666666666667
1913-10-01,8.26,0.48,15.620064000000005,0.6417,20.88207306000001,10,11.471490240312288,268.7952680000001,4.2325
1913-11-01,8.05,0.48,15.465409900990105,0.6358,20.48522419801981,10.1,11.072537845038008,259.3678118811883,4.208333333333334
1913-12-01,8.04,0.48,15.620064000000005,0.63,20.501334000000007,10,11.174040870036793,261.63607200000007,4.184166666666667
1914-01-01,8.37,0.475,15.457355000000003,0.6208,20.201949440000007,10,11.63609210504613,272.37486600000005,4.16
1914-02-01,8.48,0.47,15.44913737373738,0.6117,20.106887939393946,9.9,11.910233879798238,278.74188282828294,4.166666666666667
1914-03-01,8.32,0.465,15.284784848484856,0.6025,19.8044792929293,9.9,11.685526018836825,273.48260202020214,4.173333333333334
1914-04-01,8.12,0.46,15.274722448979597,0.5933,19.701071367346945,9.8,11.522662536200228,269.6320571428572,4.18
1914-05-01,8.17,0.455,14.956079797979804,0.5842,19.202949050505058,9.9,11.479008694164479,268.5520262626264,4.1866666666666665
1914-06-01,8.13,0.45,14.791727272727277,0.575,18.90054040404041,9.9,11.42871516883188,267.2372060606062,4.193333333333333
1914-07-01,7.68,0.445,14.481101000000006,0.5658,18.412150440000005,10,10.694345183040134,249.92102400000007,4.2
1914-08-01,7.68,0.44,14.037639215686282,0.5567,17.760803980392165,10.2,10.492046265076432,245.020611764706,4.206666666666667
1914-09-01,7.68,0.435,13.8781205882353,0.5475,17.46728970588236,10.2,10.50049730180213,245.020611764706,4.213333333333333
1914-10-01,7.68,0.43,13.854429702970302,0.5383,17.343812811881193,10.1,10.61275946612622,247.44655841584168,4.220000000000001
1914-11-01,7.68,0.425,13.55908333333334,0.5292,16.883451529411772,10.2,10.51691764299212,245.020611764706,4.226666666666667
1914-12-01,7.35,0.42,13.532233663366341,0.52,16.754194059405947,10.1,10.172217991997863,236.81408910891096,4.233333333333333
1915-01-01,7.48,0.4208,13.558009346534659,0.55,17.720782178217828,10.1,10.359834197757268,241.00263762376247,4.24
1915-02-01,7.38,0.4217,13.722877060000005,0.58,18.874244000000004,10,10.329786209660693,240.1584840000001,4.224166666666667
1915-03-01,7.57,0.4225,13.887788383838389,0.61,20.05100808080809,9.9,10.707013188682813,248.82972323232332,4.208333333333334
1915-04-01,8.14,0.4233,13.774943940000005,0.64,20.826752000000006,10,11.401123789000186,264.8902520000001,4.1925
1915-05-01,7.95,0.4242,13.667556000000006,0.67,21.58713465346536,10.1,11.026929876471316,256.1458514851486,4.176666666666667
1915-06-01,8.04,0.425,13.693331683168322,0.7,22.553722772277236,10.1,11.154262189096341,259.0456158415842,4.160833333333333
1915-07-01,8.01,0.4258,13.71910736633664,0.73,23.520310891089117,10.1,11.113629393949603,258.07902772277237,4.145
1915-08-01,8.35,0.4267,13.748105009900996,0.76,24.486899009901,10.1,11.584831641604604,269.03369306930705,4.129166666666666
1915-09-01,8.66,0.4275,13.773880693069314,0.79,25.453487128712883,10.1,12.011570757825893,279.02177029702983,4.113333333333333
1915-10-01,9.14,0.4283,13.664365627450987,0.82,26.161054901960792,10.2,12.54907613322016,291.60005098039227,4.0975
1915-11-01,9.46,0.4292,13.560136466019422,0.85,26.85488349514564,10.3,12.85771445355932,298.87905631067974,4.081666666666667
1915-12-01,9.48,0.43,13.58541165048544,0.88,27.802702912621367,10.3,12.878444602185992,299.5109359223302,4.065833333333333
1916-01-01,9.33,0.4408,13.792716769230775,0.9342,29.231297653846166,10.4,12.543563692516178,291.93749423076935,4.05
1916-02-01,9.2,0.4517,14.13377986538462,0.9883,30.924097057692315,10.4,12.354652326458801,287.8697692307693,4.0649999999999995
1916-03-01,9.17,0.4625,14.333888095238102,1.042,32.29386247619048,10.5,12.177052795748486,284.1983866666668,4.08
1916-04-01,9.07,0.4733,14.530220698113215,1.097,33.677693018867934,10.6,11.906481776593187,278.44728867924545,4.095
1916-05-01,9.27,0.4842,14.725924822429912,1.151,35.00524467289721,10.7,12.02625667190516,281.9275570093459,4.109999999999999
1916-06-01,9.36,0.495,14.91499166666667,1.205,36.30821203703705,10.8,11.995961222946582,282.0289333333334,4.125
1916-07-01,9.23,0.5058,15.240409666666672,1.259,37.93530203703705,10.8,11.791165275254553,278.1118648148149,4.140000000000001
1916-08-01,9.3,0.5167,15.42600739449542,1.313,39.199434311926616,10.9,11.732082638874163,277.65022018348634,4.155
1916-09-01,9.68,0.5275,15.46468423423424,1.368,40.105569729729744,11.1,11.94455241750447,283.78794954954964,4.17
1916-10-01,9.98,0.5383,15.501991982300888,1.422,40.95083150442479,11.3,12.045741763370799,287.40456991150455,4.1850000000000005
1916-11-01,10.21,0.5492,15.540831791304354,1.476,41.76669286956523,11.5,12.053230403230499,288.9145895652175,4.2
1916-12-01,9.8,0.56,15.709834482758628,1.53,42.921512068965534,11.6,11.41355918884949,274.922103448276,4.215
1917-01-01,9.57,0.5708,15.875948239316246,1.509,41.97057794871796,11.7,10.992361427383429,266.17523589743604,4.23
1917-02-01,9.03,0.5817,15.774637550000007,1.488,40.351832000000016,12,10.063187738735728,244.87704500000007,4.258333333333333
1917-03-01,9.31,0.5925,16.067513750000007,1.468,39.80946866666668,12,10.32715708010788,252.4701316666668,4.286666666666667
1917-04-01,9.17,0.6033,15.581323761904768,1.447,37.37141634920637,12.6,9.644531197281236,236.831988888889,4.315000000000001
1917-05-01,8.86,0.6142,15.614979343750003,1.426,36.25359906250001,12.8,9.138988813373576,225.25027187500007,4.343333333333334
1917-06-01,9.04,0.625,15.64509615384616,1.405,35.170176153846164,13,9.14822025953958,226.29067076923081,4.371666666666667
1917-07-01,8.79,0.6358,16.164122218750006,1.384,35.185821250000004,12.8,9.003472377228801,223.47064218750006,4.4
1917-08-01,8.53,0.6467,16.188293892307698,1.363,34.11882569230771,13,8.572680466753777,213.52427230769237,4.428333333333334
1917-09-01,8.12,0.6575,16.087393609022563,1.343,32.85987774436091,13.3,7.9508232642170595,198.676252631579,4.456666666666667
1917-10-01,7.68,0.6683,16.10939625185186,1.322,31.86685896296298,13.5,7.387133711108142,185.1266844444445,4.485
1917-11-01,7.04,0.6792,16.372141155555564,1.301,31.360653185185196,13.5,6.753013604774305,169.69946074074082,4.513333333333334
1917-12-01,6.8,0.69,16.38966569343066,1.28,30.40401751824819,13.7,6.412593898119817,161.52134306569351,4.541666666666667
1918-01-01,7.21,0.68,15.806017142857149,1.256,29.194643428571442,14,6.640646028655349,167.59027000000006,4.57
1918-02-01,7.43,0.67,15.463124822695043,1.232,28.43368624113476,14.1,6.784343551630277,171.47913049645396,4.564166666666667
1918-03-01,7.28,0.66,15.341134285714292,1.208,28.078924571428583,14,6.686355760455893,169.21736000000007,4.558333333333334
1918-04-01,7.21,0.65,14.89589436619719,1.183,27.110527746478887,14.2,6.520727730547157,165.2298436619719,4.5525
1918-05-01,7.44,0.64,14.363277241379315,1.159,26.010997379310353,14.5,6.582363231621079,166.97309793103457,4.546666666666667
1918-06-01,7.45,0.63,13.946485714285721,1.135,25.125811564625863,14.7,6.4962913186410525,164.92272789115654,4.5408333333333335
1918-07-01,7.51,0.62,13.361533774834442,1.111,23.943006490066235,15.1,6.371324093848986,161.846965562914,4.535
1918-08-01,7.58,0.61,12.88993376623377,1.087,22.96943935064936,15.4,6.303073760914589,160.1732753246754,4.529166666666667
1918-09-01,7.54,0.6,12.436356687898094,1.063,22.03307859872612,15.7,6.149170562431677,156.28354904458604,4.523333333333333
1918-10-01,7.86,0.59,11.999788750000004,1.038,21.111492750000007,16,6.290515321191318,159.86159250000006,4.5175
1918-11-01,8.06,0.58,11.579290797546015,1.014,20.243794601227002,16.3,6.333327495354152,160.9122134969326,4.511666666666667
1918-12-01,7.9,0.57,11.24171272727273,0.99,19.525080000000006,16.5,6.134580411283428,155.806193939394,4.505833333333333
1919-01-01,7.85,0.5667,11.176629127272731,0.985,19.426468484848492,16.5,6.098467639950103,154.82007878787886,4.5
1919-02-01,7.88,0.5633,11.315306135802475,0.98,19.68578024691359,16.2,6.239692771364975,158.2897432098766,4.539166666666667
1919-03-01,8.12,0.56,11.11183414634147,0.975,19.34649695121952,16.4,6.356074004869142,161.1215951219513,4.578333333333333
1919-04-01,8.39,0.5567,10.847916203592819,0.97,18.901524550898213,16.7,6.456139555819272,163.48844431137732,4.6175
1919-05-01,8.97,0.5533,10.654069786982253,0.965,18.581560355029595,16.9,6.829002261482031,172.72186153846164,4.656666666666666
1919-06-01,9.21,0.55,10.59052662721894,0.96,18.485282840236692,16.9,7.02161521478413,177.3431822485208,4.695833333333333
1919-07-01,9.51,0.5467,10.22448394252874,0.955,17.860585632183916,17.4,7.052837165446309,177.85776896551732,4.734999999999999
1919-08-01,8.87,0.5433,9.988677932203395,0.95,17.46593785310735,17.7,6.479131101705277,163.07670395480233,4.774166666666666
1919-09-01,9.01,0.54,9.872231460674161,0.945,17.27640505617978,17.8,6.558481672061262,164.7200101123596,4.813333333333333
1919-10-01,9.47,0.5367,9.649272961325968,0.94,16.900161325966856,18.1,6.794704199949304,170.26013591160228,4.852499999999999
1919-11-01,9.19,0.5333,9.380833481081085,0.935,16.446801621621628,18.5,6.467022574133134,161.65359027027034,4.891666666666667
1919-12-01,8.92,0.53,9.12547830687831,0.93,16.012631746031754,18.9,6.160717033799178,153.58352169312175,4.930833333333333
1920-01-01,8.83,0.5283,8.907685461139899,0.9192,15.498664538860108,19.3,5.98966777113944,148.8829502590674,4.97
1920-02-01,8.1,0.5267,8.789623620512824,0.9083,15.157803558974365,19.5,5.455347649907774,135.1736307692308,4.9799999999999995
1920-03-01,8.67,0.525,8.67230710659899,0.8975,14.82551548223351,19.7,5.798822727557161,143.21695736040616,4.99
1920-04-01,8.6,0.5233,8.388731004926111,0.8867,14.214194118226606,20.3,5.599858725506187,137.86181280788182,5
1920-05-01,8.06,0.5217,8.24128983495146,0.8758,13.835004097087385,20.6,5.188950462047496,127.32374174757287,5.01
1920-06-01,7.92,0.52,8.096524401913879,0.865,13.468256937799048,20.9,5.043639680451623,123.31629473684215,5.02
1920-07-01,7.91,0.5183,8.108853336538465,0.8542,13.36404113461539,20.8,5.0805929195407975,123.75271057692312,5.029999999999999
1920-08-01,7.6,0.5167,8.282930078817738,0.8433,13.518472876847296,20.3,5.020701077922858,121.83136945812811,5.039999999999999
1920-09-01,7.87,0.515,8.379513500000003,0.8325,13.545524250000005,20,5.29716277010806,128.05198300000004,5.05
1920-10-01,7.88,0.5133,8.393822080402014,0.8217,13.436983447236187,19.9,5.351177393424158,128.85898693467342,5.0600000000000005
1920-11-01,7.48,0.5117,8.40991871717172,0.8108,13.32570274747475,19.8,5.126407930947928,122.93568888888893,5.069999999999999
1920-12-01,6.81,0.51,8.554803092783509,0.8,13.419298969072173,19.4,4.784241045083251,114.23178247422686,5.079999999999999
1921-01-01,7.11,0.5058,8.662969705263162,0.7575,12.973901842105267,19,5.122184146887377,121.77484105263164,5.09
1921-02-01,7.06,0.5017,8.872946228260874,0.715,12.645319021739136,18.4,5.274857191205049,124.86147173913048,5.024166666666666
1921-03-01,6.88,0.4975,8.84674617486339,0.6725,11.958666939890714,18.3,5.19234815868418,122.34294207650277,4.958333333333333
1921-04-01,6.91,0.4933,8.868988917127075,0.63,11.32670386740332,18.1,5.297085922739678,124.23416464088402,4.8925
1921-05-01,7.12,0.4892,8.994038734463281,0.5875,10.80130367231639,17.7,5.60946922533078,130.9026079096046,4.826666666666666
1921-06-01,6.55,0.485,8.967484659090912,0.545,10.076864204545458,17.6,5.216110960989323,121.10726704545456,4.760833333333333
1921-07-01,6.53,0.4808,8.839603073446332,0.5025,9.238561864406782,17.7,5.197779361905474,120.0553412429379,4.695
1921-08-01,6.45,0.4767,8.764223762711868,0.46,8.457190960451982,17.7,5.1612948232157345,118.58452542372888,4.629166666666666
1921-09-01,6.61,0.4725,8.786286000000002,0.4175,7.763543714285717,17.5,5.377524425458262,122.91502742857148,4.5633333333333335
1921-10-01,6.7,0.4683,8.708185680000003,0.375,6.97324285714286,17.5,5.479257678053351,124.58860571428576,4.4975
1921-11-01,7.06,0.4642,8.681553770114945,0.3325,6.218476149425291,17.4,5.838196993200896,132.03741839080465,4.431666666666667
1921-12-01,7.31,0.46,8.652732947976881,0.29,5.4549838150289025,17.3,6.114158849417275,137.50321271676304,4.365833333333333
1922-01-01,7.3,0.4642,8.938404473372785,0.3233,6.2253041065088786,16.9,6.287087290347133,140.5651715976332,4.3
1922-02-01,7.46,0.4683,9.017352035502963,0.3567,6.868437905325448,16.9,6.461305872696988,143.64605207100598,4.305
1922-03-01,7.74,0.4725,9.207185928143716,0.39,7.5995820359281465,16.7,6.8213872490360465,150.82247425149708,4.3100000000000005
1922-04-01,8.21,0.4767,9.289027580838328,0.4233,8.248469425149704,16.7,7.273253390209868,159.98094491017972,4.3149999999999995
1922-05-01,8.53,0.4808,9.368920622754494,0.4567,8.899305425149704,16.7,7.593467258919383,166.21649940119767,4.32
1922-06-01,8.45,0.485,9.450762275449106,0.49,9.548192814371262,16.7,7.557987351755133,164.65761077844317,4.325
1922-07-01,8.51,0.4892,9.47586223809524,0.5233,10.13638329761905,16.8,7.602095045774037,164.83971309523815,4.33
1922-08-01,8.83,0.4933,9.670403578313255,0.5567,10.913265096385544,16.6,8.02003068989578,173.09885180722895,4.335
1922-09-01,9.06,0.4975,9.752738253012051,0.59,11.566061445783136,16.6,8.265083002284307,177.60765542168681,4.34
1922-10-01,9.26,0.5017,9.776180275449105,0.6233,12.145690982035934,16.7,8.432151998761903,180.4413580838324,4.345
1922-11-01,8.8,0.5058,9.797406214285719,0.6567,12.720357178571433,16.8,7.998253772269839,170.45704761904767,4.35
1922-12-01,8.78,0.51,9.820306508875744,0.69,13.286297041420124,16.9,7.964679864940005,169.06331597633144,4.3549999999999995
1923-01-01,8.9,0.5117,9.91168991666667,0.7142,13.834139023809527,16.8,8.154200483069156,172.39405952380957,4.36
1923-02-01,9.28,0.5133,9.94268210714286,0.7383,14.300958892857146,16.8,8.533360579065969,179.7547047619048,4.335
1923-03-01,9.43,0.515,9.975611309523813,0.7625,14.769715773809528,16.8,8.700737500978535,182.6602226190477,4.31
1923-04-01,9.1,0.5167,9.949318378698232,0.7867,15.1483041775148,16.9,8.372809668463818,175.225076923077,4.285
1923-05-01,8.67,0.5183,9.980127183431957,0.8108,15.612361798816574,16.9,8.00049786759821,166.94521065088765,4.26
1923-06-01,8.34,0.52,9.953962352941181,0.835,15.98376647058824,17,7.67182528267308,159.64624235294124,4.234999999999999
1923-07-01,8.06,0.5217,9.870382011627912,0.8592,16.255764279069773,17.2,7.34598511949065,152.4923883720931,4.21
1923-08-01,8.1,0.5233,9.95855201169591,0.8833,16.809457274853806,17.1,7.44178317421737,154.14536842105267,4.185
1923-09-01,8.15,0.525,9.932816860465122,0.9075,17.169583430232564,17.2,7.458183867189793,154.19515697674424,4.16
1923-10-01,8.03,0.5267,9.907379225433528,0.9317,17.52554627745665,17.3,7.31740039562148,151.0466208092486,4.135
1923-11-01,8.27,0.5283,9.937475687861275,0.9558,17.978874242774573,17.3,7.546327911916235,155.56109017341043,4.109999999999999
1923-12-01,8.55,0.53,9.969453179190754,0.98,18.434083236994226,17.3,7.809739144938745,160.82797109826595,4.085
1924-01-01,8.83,0.5317,10.001430670520234,0.9758,18.355080023121392,17.3,8.072249446037379,166.09485202312143,4.06
1924-02-01,8.87,0.5333,10.089849965116283,0.9717,18.384225034883727,17.2,8.162066220850356,167.81730581395354,4.043333333333333
1924-03-01,8.7,0.535,10.18120643274854,0.9675,18.41180789473685,17.1,8.058077044116091,165.56354385964914,4.026666666666666
1924-04-01,8.5,0.5367,10.273637682352943,0.9633,18.439715258823536,17,7.9236203483279795,162.70900000000006,4.01
1924-05-01,8.47,0.5383,10.304265258823532,0.9592,18.361232094117653,17,7.899698330665291,162.13473294117654,3.993333333333333
1924-06-01,8.63,0.54,10.336807058823535,0.955,18.28083470588236,17,8.051676946396649,165.19749058823538,3.9766666666666666
1924-07-01,9.03,0.5417,10.308709391812867,0.9508,18.094002011695913,17.1,8.37771213997183,171.84354035087722,3.96
1924-08-01,9.34,0.5433,10.399976435294121,0.9467,18.121954152941186,17,8.71741830854833,178.7884776470589,3.943333333333333
1924-09-01,9.25,0.545,10.37150935672515,0.9425,17.936050584795325,17.1,8.58167037520905,176.03020467836262,3.9266666666666667
1924-10-01,9.13,0.5467,10.343373290697679,0.9383,17.75230868604652,17.2,8.419491035872424,172.73641511627915,3.91
1924-11-01,9.64,0.5483,10.373644732558144,0.9342,17.674738116279077,17.2,8.888327361250969,182.3854372093024,3.8933333333333335
1924-12-01,10.16,0.55,10.345658959537577,0.93,17.493568786127177,17.3,9.310639680416372,191.11253641618504,3.876666666666667
1925-01-01,10.58,0.5542,10.42466217341041,0.9567,17.995803502890176,17.3,9.692618852254993,199.01285780346828,3.86
1925-02-01,10.67,0.5583,10.56284124418605,0.9833,18.6036929883721,17.2,9.830804722819575,201.87267790697683,3.845
1925-03-01,10.39,0.5625,10.580787572254339,1.01,18.99839190751446,17.3,9.518537538810032,195.4389028901735,3.83
1925-04-01,10.28,0.5667,10.721766313953493,1.037,19.61967825581396,17.2,9.476566787903069,194.49401395348843,3.815
1925-05-01,10.61,0.5708,10.736912971098269,1.063,19.99533722543353,17.3,9.72900769402133,199.57716647398848,3.8
1925-06-01,10.8,0.575,10.692305714285718,1.09,20.26889257142858,17.5,9.796386180450611,200.82939428571436,3.785
1925-07-01,11.1,0.5792,10.648706531073453,1.117,20.536265875706224,17.7,9.9639938917878,204.07569491525433,3.77
1925-08-01,11.25,0.5833,10.724085841807915,1.143,21.014281016949163,17.7,10.110918458488944,206.83347457627127,3.7550000000000003
1925-09-01,11.51,0.5875,10.80130367231639,1.17,21.51068135593221,17.7,10.359247611348502,211.61362598870065,3.74
1925-10-01,11.89,0.5917,10.878521502824864,1.197,22.007081694915264,17.7,10.71849599702293,218.6000011299436,3.725
1925-11-01,12.26,0.5958,10.771335800000005,1.223,22.110345222222232,18,10.886317440307938,221.64581555555563,3.71
1925-12-01,12.46,0.6,10.907865921787714,1.25,22.724720670391072,17.9,11.147365239137256,226.52001564245822,3.6950000000000003
1926-01-01,12.65,0.6075,11.044214245810062,1.249,22.70654089385476,17.9,11.34096618850624,229.97417318435765,3.68
1926-02-01,12.67,0.615,11.180562569832407,1.248,22.688361117318443,17.9,11.389435672748014,230.3377687150839,3.651666666666667
1926-03-01,11.81,0.6225,11.380489044943825,1.248,22.815823820224725,17.8,10.712352062732487,215.90935842696635,3.6233333333333335
1926-04-01,11.48,0.63,11.4532592178771,1.247,22.670181340782133,17.9,10.395587685954734,208.7038346368716,3.595
1926-05-01,11.56,0.6375,11.654717696629216,1.246,22.779260000000008,17.8,10.5751584638061,211.33888089887648,3.566666666666667
1926-06-01,12.11,0.645,11.858452542372886,1.245,22.88957118644069,17.7,11.197979740229963,222.64474463276844,3.5383333333333336
1926-07-01,12.62,0.6525,12.133442571428576,1.244,23.132570971428578,17.5,11.86969405848128,234.67286628571435,3.51
1926-08-01,13.12,0.66,12.34344137931035,1.243,23.24681459770116,17.4,12.488808219521879,245.37265287356328,3.4816666666666665
1926-09-01,13.32,0.6675,12.412372285714289,1.242,23.09538034285715,17.5,12.692614823344721,247.6895862857144,3.453333333333333
1926-10-01,13.02,0.675,12.48051988636364,1.242,22.9641565909091,17.6,12.426517521583357,240.73536136363646,3.425
1926-11-01,13.19,0.6825,12.547897457627123,1.241,22.816030395480237,17.7,12.615251212344486,242.50075819209047,3.3966666666666665
1926-12-01,13.49,0.69,12.68578644067797,1.24,22.79764519774012,17.7,13.009052728993131,248.0163175141244,3.3683333333333327
1927-01-01,13.4,0.6967,12.955355462857147,1.229,22.853641257142865,17.5,13.185930628677795,249.17721142857152,3.34
1927-02-01,13.66,0.7033,13.153245942528741,1.218,22.779260000000008,17.4,13.633966132216214,255.47183218390813,3.339166666666666
1927-03-01,13.87,0.71,13.355305202312142,1.208,22.722829132947986,17.3,14.033257507604494,260.8987086705203,3.3383333333333334
1927-04-01,14.21,0.7167,13.481334138728327,1.197,22.515915953757236,17.3,14.488222209157056,267.2942069364163,3.3375
1927-05-01,14.7,0.7233,13.527289620689661,1.186,22.18079011494254,17.4,15.002347055737117,274.92210344827595,3.336666666666667
1927-06-01,14.89,0.73,13.49745113636364,1.175,21.72534943181819,17.6,15.120333481747533,275.3110238636365,3.3358333333333334
1927-07-01,15.22,0.7367,13.85753991907515,1.164,21.895176416184977,17.3,15.820802594477753,286.29259884393076,3.335
1927-08-01,16.03,0.7433,14.062976709302331,1.153,21.814357790697684,17.2,16.862861852763807,303.28200813953504,3.3341666666666665
1927-09-01,16.94,0.75,14.107716763005785,1.143,21.500160346820817,17.3,17.818723713516423,318.6462959537573,3.3333333333333335
1927-10-01,16.68,0.7567,14.151942563218398,1.132,21.170872183908056,17.4,17.537237852261086,311.952427586207,3.3325
1927-11-01,17.06,0.7633,14.35789360693642,1.121,21.086333988439314,17.3,18.131301434952427,320.90353063583825,3.3316666666666666
1927-12-01,17.46,0.77,14.483922543352607,1.11,20.879420809248565,17.3,18.646624021402527,328.4276462427747,3.3308333333333335
1928-01-01,17.53,0.7767,14.60995147976879,1.133,21.312057456647405,17.3,18.806128571700768,329.7443664739885,3.33
1928-02-01,17.32,0.7833,14.906428035087725,1.155,21.97998771929825,17.1,18.868850519584033,329.60466432748547,3.3525
1928-03-01,18.25,0.79,15.033930994152051,1.177,22.39865415204679,17.1,19.94341779906454,347.30283625731005,3.375
1928-04-01,19.4,0.7967,15.161433953216378,1.2,22.836350877192988,17.1,21.2579092494875,369.18767251462,3.3975
1928-05-01,20,0.8033,15.198155779069772,1.222,23.11981372093024,17.2,21.832732178740024,378.3930232558141,3.42
1928-06-01,19.02,0.81,15.414536842105267,1.245,23.69271403508773,17.1,20.913421576866703,361.9561614035089,3.4425
1928-07-01,19.16,0.8167,15.542039801169595,1.268,24.130410760233925,17.1,21.081905435296793,364.6204023391814,3.465
1928-08-01,19.78,0.8233,15.667639730994157,1.29,24.549077192982462,17.1,21.762131502579237,376.41918362573114,3.4875
1928-09-01,21.17,0.83,15.612539884393067,1.312,24.679099190751455,17.3,23.004649446159238,398.21381849710997,3.51
1928-10-01,21.6,0.8367,15.830072127906982,1.335,25.25773430232559,17.2,23.578344239585046,408.66446511627925,3.5324999999999998
1928-11-01,23.06,0.8433,15.954941825581402,1.357,25.673966627906985,17.2,25.121984571109603,436.2871558139537,3.555
1928-12-01,23.15,0.85,16.1757485380117,1.38,26.261803508771933,17.1,25.30159102742616,440.5512690058481,3.5775
1929-01-01,24.86,0.86,16.366051461988306,1.399,26.623379064327494,17.1,27.083199620832772,473.09306900584806,3.6
1929-02-01,24.99,0.87,16.556354385964916,1.418,26.984954619883048,17.1,27.131672798247386,475.567007017544,3.5741666666666667
1929-03-01,25.43,0.88,16.845167058823534,1.438,27.526534352941184,17,27.67574843786188,486.7870435294119,3.5483333333333333
1929-04-01,25.28,0.89,17.137397633136104,1.457,28.0552678106509,16.9,27.5684544728983,486.77911479289963,3.5225
1929-05-01,25.66,0.9,17.228011764705887,1.476,28.253939294117657,17,27.69858687500813,491.189757647059,3.4966666666666666
1929-06-01,26.15,0.91,17.31756608187135,1.495,28.450287134502936,17.1,27.935467830288683,497.6421461988305,3.470833333333333
1929-07-01,28.48,0.92,17.305465895953763,1.514,28.478777572254344,17.3,29.93328940684221,535.717031213873,3.4450000000000003
1929-08-01,30.1,0.93,17.493568786127177,1.533,28.836173063583825,17.3,31.48031324717301,566.1896994219655,3.4191666666666665
1929-09-01,31.3,0.94,17.681671676300585,1.552,29.193568554913305,17.3,32.5637885987767,588.7620462427748,3.3933333333333335
1929-10-01,27.99,0.95,17.869774566473993,1.572,29.569774335260128,17.3,28.96106716435479,526.499989595376,3.3674999999999997
1929-11-01,20.58,0.96,18.057877456647404,1.591,29.9271698265896,17.3,21.171036000097036,387.1157479768787,3.341666666666667
1929-12-01,21.4,0.97,18.352061627906984,1.61,30.46063837209304,17.2,22.00737317641833,404.88053488372105,3.315833333333333
1930-01-01,21.71,0.9708,18.474607859649126,1.557,29.6301652631579,17.1,22.310724294336843,413.1476479532165,3.29
1930-02-01,23.07,0.9717,18.600510035294125,1.503,28.770779647058834,17,23.697117749335874,441.61136823529426,3.2941666666666665
1930-03-01,23.94,0.9725,18.725976627218945,1.45,27.92047928994084,16.9,24.586607792668843,460.9767408284026,3.2983333333333333
1930-04-01,25.46,0.9733,18.631137611764714,1.397,26.741702705882364,17,25.843436862018304,487.3613105882355,3.3024999999999998
1930-05-01,23.94,0.9742,18.758710982248527,1.343,25.86014047337279,16.9,24.30976063390817,460.9767408284026,3.3066666666666666
1930-06-01,21.52,0.975,18.885866071428577,1.29,24.98745357142858,16.8,21.866899333389476,416.84496190476204,3.310833333333333
1930-07-01,21.06,0.9758,19.12908942168675,1.237,24.24952204819278,16.6,21.548797592546645,412.84958313253026,3.3150000000000004
1930-08-01,20.79,0.9767,19.262773369696976,1.183,23.331484484848495,16.5,21.30060224111815,410.0266800000001,3.319166666666667
1930-09-01,20.78,0.9775,19.162415361445788,1.13,22.151948192771087,16.6,21.072581788447312,407.3606048192773,3.3233333333333333
1930-10-01,17.92,0.9783,19.29432905454546,1.077,21.24092036363637,16.5,18.214870154658627,353.42367030303046,3.3275
1930-11-01,16.62,0.9792,19.429835707317082,1.023,20.298939878048788,16.4,16.939711377775165,329.7833634146343,3.3316666666666666
1930-12-01,15.51,0.98,19.80805217391305,0.97,19.60592919254659,16.1,16.055001856531323,313.49274409937897,3.3358333333333325
1931-01-01,15.98,0.9667,19.785005069182397,0.94,19.238548427672963,15.9,16.705478731547608,327.0553232704404,3.34
1931-02-01,17.2,0.9533,19.759298050955426,0.91,18.861807643312112,15.7,18.16149243697609,356.50889171974535,3.3683333333333327
1931-03-01,17.53,0.94,19.608520512820522,0.88,18.35691282051283,15.6,18.579561032791283,365.67804743589755,3.3966666666666665
1931-04-01,15.86,0.9267,19.45579745806452,0.85,17.84550322580646,15.5,16.872315331609666,332.97609548387106,3.425
1931-05-01,14.33,0.9133,19.42511499346406,0.82,17.44070326797386,15.3,15.401539999110108,304.7869241830066,3.453333333333333
1931-06-01,13.87,0.9,19.39577483443709,0.79,17.025180132450338,15.1,15.062476074643246,298.9104410596027,3.4816666666666665
1931-07-01,14.33,0.8867,19.109148384105968,0.76,16.378654304635766,15.1,15.51675009551632,308.8238370860928,3.51
1931-08-01,13.9,0.8733,18.820366847682127,0.73,15.732128476821197,15.1,15.006276602886546,299.55696688741733,3.5383333333333336
1931-09-01,11.83,0.86,18.657298666666673,0.7,15.186173333333338,15,12.817745261106884,256.6463293333334,3.566666666666667
1931-10-01,10.25,0.8467,18.49204165100672,0.67,14.632889932885913,14.9,11.145926407660932,223.86137583892625,3.595
1931-11-01,10.39,0.8333,18.446994517006814,0.64,14.167858503401366,14.7,11.415600295644678,230.0063278911566,3.6233333333333335
1931-12-01,8.44,0.82,18.27690136986302,0.61,13.596231506849321,14.6,9.306032867968318,188.11835068493158,3.651666666666667
1932-01-01,8.3,0.7933,18.05273422377623,0.5933,13.501433524475528,14.3,9.312406455177847,188.8789790209791,3.68
1932-02-01,8.23,0.7667,17.69489224113476,0.5767,13.309826992907807,14.1,9.336932251008404,189.94256312056746,3.649166666666667
1932-03-01,8.26,0.74,17.200665714285723,0.56,13.016720000000007,14,9.413065028012213,191.99662000000006,3.6183333333333336
1932-04-01,6.28,0.7133,16.699328014388495,0.5433,12.719395640287773,13.9,7.192233196115487,147.02338417266193,3.5875000000000004
1932-05-01,5.51,0.6867,16.31128033576643,0.5267,12.510778145985405,13.7,6.390857289881443,130.879794160584,3.5566666666666666
1932-06-01,4.77,0.66,15.792344117647065,0.51,12.203175000000003,13.6,5.565059371528964,114.1355779411765,3.525833333333334
1932-07-01,5.01,0.6333,15.153472014705887,0.4933,11.803580838235298,13.6,5.8387636718512,119.8782485294118,3.495
1932-08-01,7.53,0.6067,14.624525970370374,0.4767,11.49087115555556,13.5,8.834653205181212,181.51092888888894,3.464166666666667
1932-09-01,8.26,0.58,14.085256716417913,0.46,11.171065671641795,13.4,9.76116856406371,200.59348358208962,3.4333333333333336
1932-10-01,7.12,0.5533,13.537878150375946,0.4433,10.846451082706771,13.3,8.478606607689082,174.20873383458652,3.4025
1932-11-01,7.05,0.5267,12.984671257575762,0.4267,10.519383378787884,13.2,8.463309567122899,173.80279545454553,3.3716666666666666
1932-12-01,6.82,0.5,12.420534351145044,0.41,10.184838167938933,13.1,8.257073999100681,169.4160885496184,3.3408333333333338
1933-01-01,7.09,0.495,12.486969767441863,0.4125,10.405808139534885,12.9,8.728046162813529,178.85376899224812,3.31
1933-02-01,6.25,0.49,12.555497637795282,0.415,10.633737795275595,12.7,7.826051751316596,160.14665354330714,3.2941666666666674
1933-03-01,6.23,0.485,12.526010317460322,0.4175,10.782699603174606,12.6,7.874681322943168,160.90112222222228,3.2783333333333333
1933-04-01,6.89,0.48,12.396876190476195,0.42,10.847266666666671,12.6,8.72310164606811,177.94682698412703,3.2624999999999997
1933-05-01,8.87,0.475,12.267742063492067,0.4225,10.911833730158735,12.6,11.249651251932447,229.08394126984135,3.2466666666666666
1933-06-01,10.39,0.47,12.043028346456698,0.425,10.889972440944886,12.7,13.098875517269517,266.2277968503938,3.2308333333333334
1933-07-01,11.23,0.465,11.551096946564892,0.4275,10.619556870229012,13.1,13.754304493874534,278.9652015267177,3.215
1933-08-01,10.67,0.46,11.340324242424249,0.43,10.600737878787882,13.2,12.999527050367739,263.0462166666668,3.1991666666666667
1933-09-01,10.58,0.455,11.217059848484853,0.4325,10.662370075757579,13.2,12.922920614885992,260.8274575757577,3.1833333333333336
1933-10-01,9.55,0.45,11.09379545454546,0.435,10.724002272727278,13.2,11.69625356814369,235.43499242424255,3.1675000000000004
1933-11-01,9.78,0.445,10.970531060606067,0.4375,10.785634469696975,13.2,12.011766193389933,241.10515454545464,3.151666666666667
1933-12-01,9.97,0.44,10.847266666666671,0.44,10.847266666666671,13.2,12.281801622601108,245.78920151515163,3.1358333333333333
1934-01-01,10.54,0.4408,10.866988969696974,0.4442,10.950808757575762,13.2,13.025119828332373,259.8413424242425,3.12
1934-02-01,11.32,0.4417,10.807303052631582,0.4483,10.968788676691732,13.3,13.92692290427429,276.972312781955,3.0925
1934-03-01,10.74,0.4425,10.826877067669177,0.4525,11.071552255639102,13.3,13.254537629740078,262.78115187969934,3.065
1934-04-01,10.92,0.4433,10.846451082706771,0.4567,11.17431583458647,13.3,13.518389284490086,267.18530526315794,3.0375000000000005
1934-05-01,9.81,0.4442,10.868471849624065,0.4608,11.274632661654138,13.3,12.181583235024013,240.0263593984963,3.0100000000000002
1934-06-01,9.94,0.445,10.80679179104478,0.465,11.292490298507468,13.4,12.287726483952417,241.3921582089553,2.9825
1934-07-01,9.47,0.4458,10.826219731343286,0.4692,11.39448698507463,13.4,11.741524229318237,229.97824328358217,2.955
1934-08-01,9.1,0.4467,10.848076164179107,0.4733,11.494055179104482,13.4,11.315025981829045,220.99282089552247,2.9275
1934-09-01,8.88,0.4475,10.707687867647062,0.4775,11.425521691176474,13.6,10.909954083288842,212.478811764706,2.9000000000000004
1934-10-01,8.95,0.4483,10.806288103703707,0.4817,11.611396340740745,13.5,11.108352605351719,215.74008148148152,2.8724999999999996
1934-11-01,9.2,0.4492,10.82798263703704,0.4858,11.710226992592597,13.5,11.448808690205695,221.76634074074082,2.8449999999999998
1934-12-01,9.26,0.45,10.928216417910452,0.49,11.899613432835826,13.4,11.639337566475875,224.87840895522393,2.8175
1935-01-01,9.26,0.45,10.76750735294118,0.57,13.638842647058828,13.6,11.495907968201589,221.57137352941183,2.79
1935-02-01,8.98,0.45,10.688912408759128,0.65,15.43954014598541,13.7,11.087812159055558,213.30318540145996,2.7783333333333333
1935-03-01,8.41,0.45,10.688912408759128,0.73,17.33979124087592,13.7,10.398272404790022,199.76389635036506,2.7666666666666666
1935-04-01,9.04,0.446667,10.532861000434785,0.756667,17.842975493188412,13.8,11.10421020714951,213.1723710144928,2.755
1935-05-01,9.75,0.443333,10.454241898115946,0.783333,18.471786825652178,13.8,11.985576683480087,229.91489130434792,2.743333333333333
1935-06-01,10.12,0.44,10.451381021897815,0.81,19.240042335766432,13.7,12.53951932444388,240.38176350364972,2.731666666666667
1935-07-01,10.65,0.44,10.451381021897815,0.793333,18.84414877328468,13.7,13.202137936511004,252.9709270072994,2.72
1935-08-01,11.37,0.44,10.451381021897815,0.776667,18.448278963941615,13.7,14.105056846668942,270.07318686131396,2.708333333333333
1935-09-01,11.61,0.44,10.451381021897815,0.76,18.052385401459862,13.7,14.418891702707421,275.7739401459855,2.6966666666666668
1935-10-01,11.92,0.45,10.688912408759128,0.76,18.052385401459862,13.7,14.826232627114083,283.1374131386862,2.685
1935-11-01,13.04,0.46,10.847266666666671,0.76,17.92157101449276,13.8,16.129605163251135,307.49642898550735,2.6733333333333333
1935-12-01,13.04,0.47,11.083076811594207,0.76,17.92157101449276,13.8,16.159192714615326,307.49642898550735,2.6616666666666666
1936-01-01,13.76,0.48,11.318886956521743,0.77,18.157381159420297,13.8,17.087359845997238,324.4747594202899,2.65
1936-02-01,14.55,0.49,11.55469710144928,0.78,18.39319130434783,13.8,18.104536459517785,343.10376086956535,2.6525
1936-03-01,14.86,0.5,11.876569343065698,0.79,18.764979562043806,13.7,18.660478203926015,352.97164087591256,2.6550000000000002
1936-04-01,14.88,0.516667,12.272462905547451,0.82,19.477573722627742,13.7,18.718999665151497,353.44670364963525,2.6574999999999998
1936-05-01,14.09,0.533333,12.668332714890514,0.85,20.19016788321169,13.7,17.75019251932864,334.68172408759136,2.66
1936-06-01,14.69,0.55,12.969557971014497,0.88,20.751292753623197,13.8,18.393001065831335,346.4051028985508,2.6625
1936-07-01,15.56,0.57,13.344479136690651,0.9,21.070230215827344,13.9,19.36046451231913,364.28086906474834,2.665
1936-08-01,15.87,0.59,13.71404428571429,0.92,21.38461142857144,14,19.623060162983748,368.88454714285723,2.6675000000000004
1936-09-01,16.05,0.61,14.178927142857148,0.94,21.849494285714293,14,19.862024243287628,373.06849285714304,2.67
1936-10-01,16.89,0.646667,15.031220129000005,0.966667,22.469345843285726,14,20.913091852533118,392.59357285714304,2.6725000000000003
1936-11-01,17.36,0.683333,15.883489871000005,0.993333,23.089174156714297,14,21.499765341024155,403.51832000000013,2.675
1936-12-01,17.06,0.72,16.735782857142862,1.02,23.709025714285723,14,21.125663548155444,396.5450771428573,2.6774999999999998
1937-01-01,17.59,0.73,16.847882269503554,1.05,24.23325531914895,14.1,21.618741582953508,405.9647248226952,2.68
1937-02-01,18.11,0.74,17.078675177304973,1.08,24.925634042553202,14.1,22.244221552805158,417.96595602836896,2.67
1937-03-01,18.09,0.75,17.18757042253522,1.11,25.437604225352125,14.2,22.042197016050572,414.5641985915495,2.66
1937-04-01,17.01,0.78,17.750072727272734,1.13,25.714848951048957,14.3,20.556579457432854,387.08812447552464,2.6500000000000004
1937-05-01,16.25,0.81,18.304762500000006,1.15,25.988243055555564,14.4,19.4741746865721,367.22517361111125,2.64
1937-06-01,15.64,0.84,18.982716666666672,1.17,26.44021250000001,14.4,18.71165996036496,353.44010555555565,2.63
1937-07-01,16.57,0.816667,18.328147710758625,1.18667,26.631984693793108,14.5,19.64672327960762,371.8742248275863,2.62
1937-08-01,16.74,0.793333,17.80447159958621,1.20333,27.005878754482772,14.5,19.806982577380957,375.68947034482767,2.6100000000000003
1937-09-01,14.37,0.77,17.16245616438357,1.22,27.192463013698642,14.6,16.84788286270581,320.29155205479464,2.6
1937-10-01,12.28,0.78,17.38534520547946,1.19,26.52379589041097,14.6,14.361659574753356,273.7077424657535,2.59
1937-11-01,11.2,0.79,17.729670344827593,1.16,26.033440000000006,14.5,13.158119166486067,251.35735172413803,2.58
1937-12-01,11.02,0.8,18.078777777777788,1.13,25.536273611111117,14.4,13.008483033706138,249.03516388888897,2.57
1938-01-01,11.31,0.793333,18.180622408028174,1.07667,24.67378859577466,14.2,13.511461918562418,259.1885619718311,2.56
1938-02-01,11.04,0.786667,18.155716440141852,1.02333,23.617730634042566,14.1,13.263076236460869,254.79537021276604,2.5433333333333334
1938-03-01,10.31,0.78,18.001846808510646,0.97,22.386912056737597,14.1,12.377286234697689,237.94748794326253,2.5266666666666664
1938-04-01,9.89,0.766667,17.569524070845077,0.903333,20.70146607000001,14.2,11.789517720684186,226.6467619718311,2.51
1938-05-01,9.98,0.753333,17.3863913612766,0.836667,19.309680979148947,14.1,11.992275930545697,230.33132198581572,2.493333333333333
1938-06-01,10.21,0.74,17.078675177304973,0.77,17.771053900709227,14.1,12.288966307788133,235.63955886524835,2.4766666666666666
1938-07-01,12.24,0.713333,16.46321973007093,0.72,16.617089361702135,14.1,14.77032801749207,282.4905191489363,2.46
1938-08-01,12.31,0.686667,15.847787362127667,0.67,15.463124822695043,14.1,14.903588512604367,284.1060695035462,2.4433333333333334
1938-09-01,11.75,0.66,15.232331914893624,0.62,14.309160283687948,14.1,14.282330508639971,271.1816666666668,2.4266666666666667
1938-10-01,13.06,0.61,14.178927142857148,0.626667,14.566337271857147,14,16.06114764333344,303.56850571428583,2.4099999999999997
1938-11-01,13.07,0.56,13.016720000000007,0.633333,14.721282728142864,14,16.14957180071551,303.80094714285724,2.393333333333333
1938-12-01,12.69,0.51,11.854512857142861,0.64,14.876251428571434,14,15.756484438994004,294.968172857143,2.3766666666666665
1939-01-01,12.5,0.513333,11.93198558528572,0.663333,15.418607013857146,14,15.599634410919284,290.5517857142858,2.36
1939-02-01,12.4,0.516667,12.09588070546763,0.686667,16.075813079568352,13.9,15.66469692895477,290.3009496402879,2.3474999999999997
1939-03-01,12.39,0.52,12.173910791366911,0.71,16.622070503597126,13.9,15.729223743214224,290.06683597122316,2.335
1939-04-01,10.83,0.523333,12.340723057536236,0.726667,17.135545058405803,13.8,13.916994579812403,255.3823869565218,2.3225
1939-05-01,11.23,0.526667,12.419342159855077,0.743333,17.528546245942035,13.8,14.502929499657778,264.8147927536233,2.31
1939-06-01,11.43,0.53,12.497937681159424,0.76,17.92157101449276,13.8,14.833828921489793,269.530995652174,2.2975000000000003
1939-07-01,11.71,0.54,12.733747826086962,0.776667,18.314595783043483,13.8,15.270952598570265,276.13367971014503,2.285
1939-08-01,11.54,0.55,12.969557971014497,0.793333,18.707596970579715,13.8,15.120082343333994,272.1249072463769,2.2725
1939-09-01,12.77,0.56,12.92440283687944,0.81,18.6942255319149,14.1,16.452835577060974,294.7225432624115,2.26
1939-10-01,12.9,0.58,13.48160285714286,0.84,19.525080000000006,14,16.82120480626565,299.849442857143,2.2475
1939-11-01,12.67,0.6,13.946485714285718,0.87,20.222404285714294,14,16.599238509946655,294.5032900000001,2.2350000000000003
1939-12-01,12.37,0.62,14.411368571428577,0.9,20.91972857142858,14,16.280412901283846,287.5300471428572,2.2225
1940-01-01,12.3,0.623333,14.593077567913676,0.93,21.772571223021593,13.9,16.378480342613678,287.9598129496404,2.21
1940-02-01,12.22,0.626667,14.566337271857147,0.96,22.31437714285715,14,16.216119847731058,284.04342571428583,2.1883333333333335
1940-03-01,12.15,0.63,14.643810000000006,0.99,23.011701428571435,14,16.172906305307897,282.4163357142858,2.166666666666667
1940-04-01,12.27,0.636667,14.798778700428576,1.00667,23.39918129000001,14,16.370988707128788,285.2056328571429,2.145
1940-05-01,10.58,0.643333,14.953724156714292,1.02333,23.786428710000013,14,14.138747694800735,245.9230314285715,2.1233333333333335
1940-06-01,9.67,0.65,15.001539007092205,1.04,24.00246241134753,14.1,12.843765598268812,223.1767418439717,2.1016666666666666
1940-07-01,9.99,0.656667,15.263661557571435,1.05333,24.483752995714298,14,13.369884763210061,232.20898714285724,2.08
1940-08-01,10.2,0.663333,15.418607013857146,1.06667,24.79382986142858,14,13.649399392391638,237.0902571428572,2.0583333333333336
1940-09-01,10.63,0.67,15.573575714285722,1.08,25.1036742857143,14,14.21484259862064,247.08523857142868,2.0366666666666666
1940-10-01,10.73,0.67,15.573575714285722,1.07,24.871232857142868,14,14.32829032310496,249.40965285714296,2.015
1940-11-01,10.98,0.67,15.573575714285722,1.06,24.638791428571437,14,14.636689248763611,255.22068857142867,1.9933333333333334
1940-12-01,10.53,0.67,15.463124822695043,1.05,24.23325531914895,14.1,13.908426122353843,243.0249319148937,1.9716666666666665
1941-01-01,10.55,0.673333,15.540048098865254,1.05333,24.31010935744682,14.1,13.90415826795083,243.48651773049656,1.95
1941-02-01,9.89,0.676667,15.616994454326248,1.05667,24.38719418865249,14.1,13.002943303402452,228.25418581560294,1.9925
1941-03-01,9.95,0.68,15.5833971830986,1.06,24.291766197183108,14.2,12.95571982206333,228.02176760563387,2.035
1941-04-01,9.64,0.683333,15.550269803776228,1.07,24.34945874125875,14.3,12.429370389220786,219.3726937062938,2.0775
1941-05-01,9.43,0.686667,15.517625125416671,1.08,24.40635000000001,14.4,12.037206512481577,213.10359305555562,2.12
1941-06-01,9.76,0.69,15.274722448979597,1.09,24.129634013605454,14.7,12.16430659062844,216.05984217687083,2.1625
1941-07-01,10.26,0.693333,15.348505999591843,1.12333,24.8674695197279,14.7,12.744996277919578,227.12848163265315,2.205
1941-08-01,10.21,0.696667,15.215300792349,1.15667,25.26182805771813,14.9,12.463173720387806,222.98777046979876,2.2474999999999996
1941-09-01,10.24,0.7,15.085602649006628,1.19,25.645524503311268,15.1,12.279729272093077,220.68081589403982,2.29
1941-10-01,9.83,0.703333,14.95929530679739,1.18,25.097597385620922,15.3,11.577814956574077,209.07574771241835,2.3325
1941-11-01,9.37,0.706667,14.932607909480526,1.17,24.72331558441559,15.4,10.911668685916966,197.99783506493512,2.3750000000000004
1941-12-01,8.76,0.71,14.906243870967746,1.16,24.353863225806457,15.5,10.086593309917907,183.9136567741936,2.4175
1942-01-01,8.93,0.703333,14.578166763949051,1.12,23.214532484076447,15.7,10.101686431929252,185.0944420382166,2.46
1942-02-01,8.65,0.696667,14.348606443417728,1.08,22.243762025316464,15.8,9.680255591749367,178.1560569620254,2.4608333333333334
1942-03-01,8.18,0.69,14.033651250000004,1.04,21.15217000000001,16,9.003426617760974,166.36995250000007,2.461666666666667
1942-04-01,7.84,0.68,13.74436273291926,1.02,20.616544099378885,16.1,8.544255707588265,158.4644173913044,2.4625
1942-05-01,7.93,0.67,13.376077300613503,1.0,19.964294478527613,16.3,8.506116259696055,158.31685521472397,2.4633333333333334
1942-06-01,8.33,0.66,13.176434355828226,0.98,19.565008588957063,16.3,8.905456928518058,166.30257300613502,2.4641666666666664
1942-07-01,8.64,0.646667,12.83152937841464,0.966667,19.181148890609766,16.4,9.150488900994747,171.43972682926838,2.465
1942-08-01,8.59,0.633333,12.490785345090915,0.953333,18.801922314787884,16.5,9.0128230475643,169.41458303030308,2.4658333333333338
1942-09-01,8.68,0.62,12.227827878787883,0.94,18.538964848484856,16.5,9.077829839371509,171.18959030303037,2.466666666666667
1942-10-01,9.32,0.61,11.886525748502999,0.97,18.901524550898213,16.7,9.599176749352992,181.61052455089828,2.4675000000000002
1942-11-01,9.47,0.6,11.62207142857143,1.0,19.370119047619053,16.8,9.66133415217166,183.43502738095245,2.4683333333333337
1942-12-01,9.52,0.59,11.360746745562135,1.03,19.83316804733729,16.9,9.61751410328318,183.31238816568055,2.4691666666666667
1943-01-01,10.09,0.59,11.360746745562135,1.04333,20.089843901775158,16.9,10.150534220432085,194.2880248520711,2.47
1943-02-01,10.69,0.59,11.360746745562135,1.05667,20.346712311242612,16.9,10.70898299522127,205.84132662721902,2.470833333333333
1943-03-01,11.07,0.59,11.162594186046515,1.07,20.244026744186055,17.2,10.850541744036803,209.44053837209313,2.4716666666666667
1943-04-01,11.44,0.59,11.034288505747131,1.08,20.198358620689667,17.4,11.03922714293969,213.95298390804606,2.4725
1943-05-01,11.89,0.59,10.971235428571433,1.09,20.26889257142858,17.5,11.362215800613692,221.09828685714294,2.4733333333333336
1943-06-01,12.1,0.59,10.971235428571433,1.1,20.45484571428572,17.5,11.516744786451229,225.00330285714293,2.474166666666667
1943-07-01,12.35,0.593333,11.096622884712648,1.09333,20.447658732183918,17.4,11.774213341781653,230.9719712643679,2.475
1943-08-01,11.74,0.596667,11.22347871710983,1.08667,20.440576766473995,17.3,11.210545904158964,220.8327930635839,2.475833333333333
1943-09-01,11.99,0.6,11.22131034482759,1.08,20.198358620689667,17.4,11.336281939610284,224.23918505747136,2.4766666666666666
1943-10-01,11.88,0.603333,11.28364472379311,1.03333,19.32552769770116,17.4,11.18733550332603,222.1819448275863,2.4775
1943-11-01,11.33,0.606667,11.345997804942533,0.986667,18.45282769000001,17.4,10.631033673001419,211.895743678161,2.4783333333333335
1943-12-01,11.48,0.61,11.408332183908051,0.94,17.580052873563226,17.4,10.73736031604107,214.7010712643679,2.479166666666667
1944-01-01,11.85,0.613333,11.470666562873568,0.936667,17.517718494597712,17.4,11.05241276397747,221.62087931034492,2.48
1944-02-01,11.77,0.616667,11.533019644022993,0.933333,17.455365413448284,17.4,10.947918887724722,220.12470459770125,2.470833333333333
1944-03-01,12.1,0.62,11.595354022988511,0.93,17.393031034482767,17.4,11.224693196180683,226.2964252873564,2.461666666666667
1944-04-01,11.89,0.623333,11.591073039657148,0.926667,17.231664103200007,17.5,10.938275188239396,221.09828685714294,2.4525
1944-05-01,12.1,0.626667,11.653069817485717,0.923333,17.169667325371435,17.5,11.103736936792622,225.00330285714293,2.4433333333333334
1944-06-01,12.67,0.63,11.648485227272731,0.92,17.01048636363637,17.6,11.532785272532509,234.26398068181825,2.4341666666666666
1944-07-01,13,0.633333,11.643952440338989,0.913333,16.791807807570628,17.7,11.738774750180715,239.007570621469,2.425
1944-08-01,12.81,0.636667,11.705248689604524,0.906667,16.669252079435033,17.7,11.541711674209223,235.51438305084758,2.4158333333333335
1944-09-01,12.6,0.64,11.766526553672321,0.9,16.5466779661017,17.7,11.32856058469647,231.65349152542382,2.4066666666666667
1944-10-01,12.91,0.64,11.766526553672321,0.91,16.730529943502834,17.7,11.583105186279125,237.3529028248589,2.3975
1944-11-01,12.82,0.64,11.766526553672321,0.92,16.914381920903963,17.7,11.478459198055479,235.69823502824872,2.3883333333333336
1944-12-01,13.1,0.64,11.700422471910116,0.93,17.00217640449439,17.8,11.638683593355129,239.49302247191017,2.3791666666666664
1945-01-01,13.49,0.643333,11.761356078314613,0.94,17.184995505617984,17.8,11.96046343980699,246.62296741573044,2.37
1945-02-01,13.94,0.646667,11.822307966629216,0.95,17.367814606741575,17.8,12.341753548186311,254.8498269662922,2.355
1945-03-01,13.93,0.65,11.883241573033713,0.96,17.550633707865174,17.8,12.323310311389326,254.6670078651686,2.3400000000000003
1945-04-01,14.28,0.65,11.883241573033713,0.973333,17.794386415393262,17.8,12.631867236563078,261.06567640449447,2.325
1945-05-01,14.82,0.65,11.816854748603358,0.986667,17.9373855757542,17.9,13.036560628785356,269.42428826815654,2.31
1945-06-01,15.09,0.65,11.686281767955805,1.0,17.978895027624315,18.1,13.130223361406054,271.3015259668509,2.295
1945-07-01,14.78,0.653333,11.746205425082877,0.996667,17.918971370497243,18.1,12.867028443009161,265.7280685082874,2.2800000000000002
1945-08-01,14.83,0.656667,11.806147061104976,0.993333,17.859029734475143,18.1,12.915378562256743,266.6270132596686,2.265
1945-09-01,15.84,0.66,11.866070718232049,0.99,17.79910607734807,18.1,13.798264951719782,284.78569723756914,2.25
1945-10-01,16.5,0.66,11.866070718232049,0.98,17.61931712707183,18.1,14.37466267539134,296.6517679558012,2.2350000000000003
1945-11-01,17.04,0.66,11.866070718232049,0.97,17.439528176795584,18.1,14.847702661876784,306.3603712707183,2.2199999999999998
1945-12-01,17.33,0.66,11.800872527472533,0.96,17.1649054945055,18.2,15.020347474739966,309.8623043956045,2.205
1946-01-01,18.02,0.666667,11.920079220109894,0.94,16.807303296703303,18.2,15.623163177761667,322.19958021978033,2.19
1946-02-01,18.07,0.673333,12.105783325635363,0.92,16.540583425414372,18.1,15.761666525801905,324.8786331491714,2.195
1946-03-01,17.53,0.68,12.0920349726776,0.9,16.004163934426234,18.3,15.13487341514254,311.7255486338799,2.2
1946-04-01,18.66,0.68,12.026317391304355,0.88,15.5634695652174,18.4,16.04084238621592,330.0162978260871,2.205
1946-05-01,18.7,0.68,11.961310270270275,0.86,15.127539459459463,18.5,16.01372317083218,328.9360324324325,2.21
1946-06-01,18.58,0.68,11.833381818181824,0.84,14.617706951871662,18.7,15.773186880128744,323.3297561497327,2.215
1946-07-01,18.05,0.683333,11.230750413838386,0.856667,14.07953847505051,19.8,14.50813611190907,296.6563080808082,2.2199999999999998
1946-08-01,17.7,0.686667,11.06206939633664,0.873333,14.069221692772285,20.2,13.984939309942762,285.1434950495051,2.225
1946-09-01,15.09,0.69,11.00678529411765,0.89,14.197157843137262,20.4,11.841267540149637,240.71360882352948,2.23
1946-10-01,14.75,0.696667,10.899422202211543,0.946667,14.810696240673082,20.8,11.387602961765054,230.76516826923086,2.235
1946-11-01,14.69,0.703333,10.745409304882633,1.00333,15.328715584037564,21.3,11.110043656743295,224.43147511737095,2.24
1946-12-01,15.13,0.71,10.74636186046512,1.06,16.043864186046516,21.5,11.37277942586271,229.00345767441868,2.245
1947-01-01,15.21,0.713333,10.796809218325585,1.13,17.103364651162796,21.5,11.469296334735581,230.21431534883732,2.25
1947-02-01,15.8,0.716667,10.847271711906982,1.2,18.162865116279075,21.5,11.949565314209437,239.1443906976745,2.265833333333333
1947-03-01,15.16,0.72,10.698673972602744,1.27,18.871272146118727,21.9,11.287903096501283,225.26652420091332,2.2816666666666667
1947-04-01,14.6,0.733333,10.896792611598178,1.32667,19.713346943379005,21.9,10.900825126392672,216.94533333333342,2.2975
1947-05-01,14.34,0.746667,11.09492610986302,1.38333,20.55527314794521,21.9,10.733674273688539,213.08192328767134,2.3133333333333335
1947-06-01,14.84,0.76,11.24171272727273,1.44,21.300087272727282,22,11.082715855052093,219.5092327272728,2.3291666666666666
1947-07-01,15.77,0.77,11.287020720720726,1.47667,21.64572063333334,22.2,11.696446553354365,231.16404774774782,2.3449999999999998
1947-08-01,15.46,0.78,11.281157333333338,1.51333,21.887325419555566,22.5,11.33747235532983,223.59832355555565,2.360833333333333
1947-09-01,15.06,0.79,11.177400869565222,1.55,21.93034347826088,23,10.827463017228833,213.0780469565218,2.376666666666667
1947-10-01,15.45,0.806667,11.413215730695658,1.57,22.21331565217392,23,11.132662042754784,218.59600434782615,2.3925
1947-11-01,15.27,0.823333,11.598587800606063,1.59,22.398901298701308,23.1,10.975407324839066,215.1139766233767,2.408333333333333
1947-12-01,15.03,0.84,11.6816717948718,1.61,22.389870940170955,23.4,10.680912531969186,209.01848461538472,2.424166666666667
1948-01-01,14.83,0.843333,11.579567012405068,1.64333,22.564099659915623,23.7,10.419342657320323,203.62653755274272,2.44
1948-02-01,14.1,0.846667,11.724284332170216,1.67667,23.21781268340426,23.5,9.99976116914418,195.25080000000008,2.4291666666666667
1948-03-01,14.3,0.85,11.820739316239322,1.71,23.780546153846167,23.4,10.18668060948967,198.86655555555564,2.418333333333333
1948-04-01,15.4,0.85,11.622071428571433,1.76,24.064524369747907,23.8,10.77948448202462,210.5645882352942,2.4075
1948-05-01,16.15,0.85,11.573443514644357,1.81,24.64462677824269,23.9,11.24103269798444,219.89542677824275,2.3966666666666665
1948-06-01,16.82,0.85,11.477398340248966,1.86,25.115248132780096,24.1,11.583895756523843,227.1174589211619,2.3858333333333333
1948-07-01,16.42,0.856667,11.425199254344268,1.93,25.740030327868862,24.4,11.134621739180933,218.99030983606568,2.375
1948-08-01,15.94,0.863333,11.467106048734697,2.0,26.56473469387756,24.5,10.723556662478135,211.72093551020416,2.3641666666666667
1948-09-01,15.76,0.87,11.555659591836738,2.07,27.494500408163272,24.5,10.553013689399158,209.33010938775516,2.3533333333333335
1948-10-01,16.19,0.89,11.869754918032793,2.14333,28.58517057131149,24.4,10.825409809169491,215.9228450819673,2.3425
1948-11-01,15.29,0.91,12.236792561983476,2.21667,29.807616448760346,24.2,10.248096205635568,205.60500909090916,2.3316666666666666
1948-12-01,15.19,0.93,12.557624066390048,2.29,30.92146141078839,24.1,10.159652938900914,205.10785975103738,2.3208333333333333
1949-01-01,15.36,0.946667,12.83593674191667,2.32,31.45707333333334,24,10.24828575803898,208.26752000000008,2.31
1949-02-01,14.77,0.963333,13.171676394705887,2.35,32.13160924369749,23.8,9.872517140570057,201.95058235294124,2.3108333333333335
1949-03-01,14.91,0.98,13.399564705882359,2.38,32.54180000000001,23.8,9.901332491240924,203.86480588235304,2.3116666666666665
1949-04-01,14.89,0.993333,13.525039254979086,2.38667,32.49645933305441,23.9,9.783639867544059,202.73949874476997,2.3125
1949-05-01,14.78,1.00667,13.7642242882353,2.39333,32.72406142605043,23.8,9.692295086395815,202.0873126050421,2.3133333333333335
1949-06-01,13.97,1.02,13.888132217573228,2.4,32.67795815899583,23.9,9.067718943419534,190.2129481171549,2.314166666666667
1949-07-01,14.76,1.02667,14.096915529957812,2.39667,32.907998230379754,23.7,9.605038093363923,202.66538734177223,2.315
1949-08-01,15.29,1.03333,14.12874714033614,2.39333,32.72406142605043,23.8,9.851348638079232,209.06055546218494,2.3158333333333334
1949-09-01,15.49,1.04,14.16044853556486,2.39,32.541800000000016,23.9,9.88404836173829,210.90898828451893,2.3166666666666664
1949-10-01,15.89,1.07333,14.737590799156122,2.36667,32.49607671139242,23.7,10.169850844772144,218.18109789029546,2.3175
1949-11-01,16.11,1.10667,15.131526809243704,2.34333,32.04041016554623,23.8,10.215861011650642,220.27243613445384,2.3183333333333334
1949-12-01,16.54,1.14,15.719344067796614,2.32,31.990244067796617,23.6,10.529330904131145,228.06837796610174,2.3191666666666664
1950-01-01,16.88,1.15,15.924710638297878,2.33667,32.35721183234043,23.5,10.74573329974791,233.74705702127667,2.32
1950-02-01,17.21,1.16,16.063186382978728,2.35333,32.58791242297874,23.5,10.91156406673168,238.31675659574478,2.3408333333333333
1950-03-01,17.35,1.17,16.133011016949155,2.37,32.67968898305086,23.6,10.910946522976255,239.23738559322044,2.361666666666667
1950-04-01,17.84,1.18,16.270900000000005,2.42667,33.46110585000001,23.6,11.178021600956093,245.99394576271192,2.3825
1950-05-01,18.44,1.19,16.339553586497896,2.48333,34.0979021915612,23.7,11.461543104586228,253.19442700421953,2.4033333333333333
1950-06-01,18.74,1.2,16.407630252100844,2.54,34.72948403361345,23.8,11.554126144044284,256.23249243697484,2.4241666666666664
1950-07-01,17.38,1.24333,16.788463151037348,2.6,35.107336099585076,24.1,10.539745658930988,234.67903900414944,2.445
1950-08-01,18.43,1.28667,17.230682224691364,2.66,35.621888065843635,24.3,11.040611670261535,246.80879588477373,2.4658333333333333
1950-09-01,19.08,1.33,17.737948360655746,2.72,36.27610491803281,24.4,11.337391102277296,254.46620655737715,2.4866666666666664
1950-10-01,19.87,1.37667,18.211105612195126,2.76,36.51031219512196,24.6,11.66244403910526,262.84779105691064,2.5075
1950-11-01,19.83,1.42333,18.752113438866402,2.8,36.88948987854253,24.7,11.542173388716295,261.25663724696363,2.5283333333333333
1950-12-01,19.75,1.47,19.134578400000006,2.84,36.96748480000001,25,11.30666578889076,257.08022000000005,2.549166666666667
1951-01-01,21.21,1.48667,19.046818033858276,2.83667,36.34265661653544,25.4,11.895759839437064,271.7368417322836,2.57
1951-02-01,22,1.50333,19.03543353852141,2.83333,35.876131592996124,25.7,12.14150737068269,278.5679377431908,2.5791666666666666
1951-03-01,21.63,1.52,19.17191317829458,2.83,35.695075193798466,25.8,11.841626487283095,272.8213697674419,2.5883333333333334
1951-04-01,21.92,1.53333,19.340045811627913,2.79333,35.23255278837211,25.8,11.951097197083955,276.47916899224816,2.5975
1951-05-01,21.93,1.54667,19.432982936679544,2.75667,34.63590880540542,25.9,11.863875406269175,275.537325868726,2.6066666666666665
1951-06-01,21.55,1.56,19.600466409266417,2.72,34.17517220077222,25.9,11.615664857025177,270.76285328185344,2.6158333333333332
1951-07-01,21.93,1.54667,19.432982936679544,2.65,33.295664092664104,25.9,11.778190092457809,275.537325868726,2.625
1951-08-01,22.89,1.53333,19.26537382007723,2.58,32.416155984556,25.9,12.256989084145145,287.5991513513515,2.6341666666666668
1951-09-01,23.48,1.52,18.951546360153262,2.51,31.294987739463608,26.1,12.444953157150039,292.7515187739465,2.6433333333333335
1951-10-01,23.36,1.48333,18.42375121908398,2.48667,30.885770154961847,26.2,12.309457904118691,290.1436824427482,2.6525000000000003
1951-11-01,22.71,1.44667,17.832290078030308,2.46333,30.36408795227274,26.4,11.852030617771046,279.93343863636375,2.6616666666666666
1951-12-01,23.41,1.41,17.314693584905665,2.44,29.963015849056614,26.5,12.147072568106784,287.4730332075473,2.6708333333333334
1952-01-01,24.19,1.41333,17.355585733584913,2.42667,29.79932445509435,26.5,12.5270597481723,297.0513743396227,2.68
1952-02-01,23.75,1.41667,17.528894222813694,2.41333,29.860875358935374,26.3,12.364119350461095,293.86606463878337,2.6925
1952-03-01,23.81,1.42,17.57009733840305,2.4,29.695939163498107,26.3,12.362339087390367,294.6084631178708,2.705
1952-04-01,23.74,1.43,17.62680833333334,2.38,29.33692575757577,26.4,12.242728683266883,292.6296712121213,2.7175000000000002
1952-05-01,23.73,1.44,17.750072727272734,2.36,29.090396969696982,26.4,12.200478761945833,292.5064068181819,2.7300000000000004
1952-06-01,24.38,1.45,17.805890566037743,2.34,28.735023396226424,26.5,12.447881581789368,299.38456000000014,2.7425
1952-07-01,25.08,1.45,17.672513108614236,2.34667,28.601073335580537,26.7,12.66911288962248,305.6735370786518,2.755
1952-08-01,25.18,1.45,17.672513108614236,2.35333,28.682245016479413,26.7,12.678378236328623,306.8923310861424,2.7675
1952-09-01,24.78,1.45,17.672513108614236,2.36,28.763538576779037,26.7,12.434678020425508,302.01715505617994,2.7800000000000002
1952-10-01,24.26,1.43667,17.510047867415736,2.37333,28.926003817977538,26.7,12.131183558686873,295.6794262172286,2.7925
1952-11-01,25.03,1.42333,17.347460746816484,2.38667,29.08859093857679,26.7,12.47346976551531,305.0641400749065,2.805
1952-12-01,26.04,1.41,17.184995505617984,2.4,29.25105617977529,26.7,12.933964306161373,317.37395955056195,2.8175
1953-01-01,26.18,1.41,17.249600751879704,2.41,29.48336015037595,26.6,13.010773447995177,320.27982105263163,2.83
1953-02-01,25.86,1.41,17.314693584905665,2.42,29.717417358490575,26.5,12.859346880687898,317.55884830188694,2.8008333333333333
1953-03-01,25.99,1.41,17.249600751879704,2.43,29.72803533834588,26.6,12.83481934009249,317.95540676691735,2.7716666666666665
1953-04-01,24.71,1.41333,17.2903391706767,2.45667,30.054309701503765,26.6,12.163901454006798,302.2961947368422,2.83
1953-05-01,24.84,1.41667,17.26628906591761,2.48333,30.26667722621724,26.7,12.141970791867783,302.7484314606743,3.05
1953-06-01,23.95,1.42,17.242297014925377,2.51,30.47758134328359,26.8,11.624407885470077,290.81198134328366,3.11
1953-07-01,24.29,1.42,17.242297014925377,2.52333,30.639440370895535,26.8,11.75020164531,294.94041865671653,2.93
1953-08-01,24.39,1.42,17.178199256505582,2.53667,30.686917400000013,26.9,11.715076201734002,295.0537182156135,2.95
1953-09-01,23.27,1.42,17.178199256505582,2.55,30.848174721189604,26.9,11.13934935726292,281.50471598513025,2.87
1953-10-01,23.97,1.43,17.235101481481486,2.53667,30.57326215037038,27,11.39193476542141,288.89886888888896,2.66
1953-11-01,24.5,1.44,17.42014572490707,2.52333,30.52553910557622,26.9,11.64407026850577,296.3844237918217,2.68
1953-12-01,24.83,1.45,17.541118959107813,2.51,30.364281784386627,26.9,11.754449184027292,300.3765405204462,2.59
1954-01-01,25.46,1.45667,17.62180810631971,2.52333,30.52553910557622,26.9,12.002650554927824,307.99785427509306,2.48
1954-02-01,26.02,1.46333,17.702376280297404,2.53667,30.686917400000013,26.9,12.215052485432839,314.7723553903347,2.47
1954-03-01,26.57,1.47,17.7830654275093,2.55,30.848174721189604,26.9,12.420105295189977,321.42588327137565,2.37
1954-04-01,27.63,1.46333,17.768429923134335,2.57333,31.246563505223893,26.8,12.907868184060918,335.49624402985086,2.29
1954-05-01,28.73,1.45667,17.62180810631971,2.59667,31.412756805204477,26.9,13.31204223802586,347.5561018587362,2.37
1954-06-01,28.96,1.45,17.541118959107813,2.62,31.69498736059481,26.9,13.357885903659001,350.3384862453533,2.38
1954-07-01,30.13,1.45667,17.62180810631971,2.62333,31.735271447583656,26.9,13.833009564245328,364.4923546468403,2.3
1954-08-01,30.73,1.46333,17.702376280297404,2.62667,31.775676507806704,26.9,14.042112347320574,371.7507486988849,2.36
1954-09-01,31.45,1.47,17.84942014925374,2.63,31.93467686567165,26.8,14.356474143296975,381.8804514925374,2.38
1954-10-01,32.18,1.49333,18.13270380373135,2.67667,32.501365599253745,26.8,14.619231935730566,390.7444492537315,2.43
1954-11-01,33.44,1.51667,18.416108882835825,2.72333,33.06793290820897,26.8,15.117311697434388,406.04395223880607,2.48
1954-12-01,34.97,1.54,18.769427715355814,2.77,33.76059400749065,26.7,15.789062002327084,426.2122644194758,2.51
1955-01-01,35.6,1.54667,18.850721275655438,2.83333,34.53245625243447,26.7,15.990781062969834,433.89066666666685,2.61
1955-02-01,36.79,1.55333,18.931892956554314,2.89667,35.304440376779034,26.7,16.437728215987118,448.3943153558054,2.65
1955-03-01,36.5,1.56,19.01318651685394,2.96,36.07630262172286,26.7,16.219282945537795,444.8598127340826,2.68
1955-04-01,37.76,1.56333,19.05377235730338,3.04667,37.132631388015,26.7,16.68526662806351,460.2166172284646,2.75
1955-05-01,37.6,1.56667,19.094480077153566,3.13333,38.18883827490638,26.7,16.518057827257802,458.2665468164796,2.76
1955-06-01,39.78,1.57,19.135065917603004,3.22,39.24516704119852,26.7,17.370091963405315,484.8362561797755,2.78
1955-07-01,42.69,1.58667,19.26608127089553,3.29333,39.98913663955225,26.8,18.45403190663288,518.3617320895524,2.9
1955-08-01,42.43,1.60333,19.468374699253737,3.36667,40.879664852985094,26.8,18.22232646304776,515.204691791045,2.97
1955-09-01,44.34,1.62,19.597663940520455,3.44,41.61479256505577,26.9,18.843960654261316,536.3953204460969,2.97
1955-10-01,42.11,1.62667,19.67835308773235,3.5,42.34063197026024,26.9,17.7723257893861,509.4182892193311,2.88
1955-11-01,44.95,1.63333,19.758921261710046,3.56,43.06647137546471,26.9,18.835559288273906,543.7746877323423,2.89
1955-12-01,45.37,1.64,19.91363880597015,3.62,43.95571492537315,26.8,18.942369035813584,550.9035320895524,2.96
1956-01-01,44.15,1.67,20.27791268656717,3.64333,44.238998579850765,26.8,18.292585385418903,536.0897276119405,2.9
1956-02-01,44.43,1.7,20.642186567164188,3.66667,44.52240365895524,26.8,18.266116815127795,539.4896171641793,2.84
1956-03-01,47.49,1.73,21.0064604477612,3.69,44.80568731343285,26.8,19.371210099299972,576.6455529850749,2.96
1956-04-01,48.05,1.75333,21.210600072118968,3.66,44.27620371747214,26.9,19.37059363457851,581.2763903345727,3.18
1956-05-01,46.54,1.77667,21.4133480762963,3.63,43.75064222222223,27,18.544506591754445,560.9242118518521,3.07
1956-06-01,46.27,1.8,21.53501470588236,3.6,43.07002941176472,27.2,18.158163846958708,553.5695169117649,3
1956-07-01,48.78,1.81333,21.536139486861323,3.55333,42.201370143795636,27.4,18.856797596896797,579.3390525547447,3.11
1956-08-01,48.49,1.82667,21.77404022197803,3.50667,41.79976329890112,27.3,18.670937110186433,578.0043523809526,3.33
1956-09-01,46.84,1.84,21.852887591240886,3.46,41.09292992700731,27.4,17.83664079631203,556.2985080291974,3.38
1956-10-01,46.24,1.80667,21.379015929454553,3.44333,40.746238616000014,27.5,17.41895294863614,547.1755752727275,3.34
1956-11-01,45.76,1.77333,20.984490979636373,3.42667,40.549094474909104,27.5,17.120339736628264,541.4955520000002,3.49
1956-12-01,46.44,1.74,20.51548260869566,3.41,40.20562971014494,27.6,17.19752272556093,547.5511565217392,3.59
1957-01-01,45.43,1.73667,20.476220219565224,3.40667,40.166367321014505,27.6,16.717780078533018,535.6427442028987,3.46
1957-02-01,43.47,1.73333,20.363060719855604,3.40333,39.982124257761754,27.7,15.843733142229748,510.6830490974731,3.34
1957-03-01,44.03,1.73,20.250832374100725,3.4,39.79932374100721,27.8,15.900417108869172,515.4012424460433,3.41
1957-04-01,45.05,1.73,20.17824874551972,3.40667,39.7344708982079,27.9,16.123704360211764,525.4509283154124,3.48
1957-05-01,46.78,1.73,20.106183571428577,3.41333,39.66996506928573,28,16.598110789114273,543.6805014285717,3.6
1957-06-01,47.55,1.73,20.034631316725985,3.42,39.60603416370108,28.1,16.729918872472876,550.6628434163703,3.8
1957-07-01,48.51,1.74,20.008032508833928,3.43667,39.51781901272086,28.3,16.868882383979805,557.8101477031804,3.93
1957-08-01,45.84,1.75,20.123021201413433,3.45333,39.709390174558315,28.3,15.86894272945225,527.1081667844525,3.93
1957-09-01,43.98,1.76,20.238009893992942,3.47,39.901076325088354,28.3,15.157274488962218,505.72026996466445,3.92
1957-10-01,41.24,1.77,20.352998586572447,3.43667,39.51781901272086,28.3,14.149451489483543,474.2133681978801,3.97
1957-11-01,40.35,1.78,20.395916901408462,3.40333,38.996649364084526,28.4,13.736242235298489,462.3456443661974,3.72
1957-12-01,40.33,1.79,20.510500704225358,3.37,38.61474154929579,28.4,13.67324605795139,462.1164767605635,3.21
1958-01-01,41.12,1.78333,20.2911776902098,3.29333,37.47233783006994,28.6,13.788431552307639,467.873711888112,3.09
1958-02-01,41.26,1.77667,20.21539853356644,3.21667,36.60008105104896,28.6,13.784906390337682,469.46666713286726,3.05
1958-03-01,42.11,1.77,19.999647916666675,3.14,35.4796013888889,28.8,13.925589923892943,475.81083263888905,2.98
1958-04-01,42.34,1.75667,19.78034733771627,3.07,34.56862491349482,28.9,13.913501765262781,476.7542602076127,2.88
1958-05-01,43.7,1.74333,19.63013709134949,3.0,33.78041522491351,28.9,14.32382496840923,492.06804844290684,2.92
1958-06-01,44.75,1.73,19.48003944636679,2.93,32.9922055363322,28.9,14.635555551956264,503.8911937716265,2.97
1958-07-01,45.98,1.73,19.41286689655173,2.91333,32.69138006689656,29,14.95745710190113,515.9558496551725,3.2
1958-08-01,47.7,1.73,19.48003944636679,2.89667,32.6169051231834,28.9,15.544566891165923,537.1086020761248,3.54
1958-09-01,48.96,1.73,19.48003944636679,2.88,32.42919861591697,28.9,15.931923184092843,551.2963764705885,3.76
1958-10-01,50.95,1.73667,19.55514456955018,2.88333,32.466694876816625,28.9,16.55980331035157,573.7040519031144,3.8
1958-11-01,52.5,1.74333,19.562446963448284,2.88667,32.39221993310346,29,16.988883579386332,589.1187931034485,3.74
1958-12-01,53.49,1.75,19.70524221453288,2.89,32.541800000000016,28.9,17.358357365369958,602.304803460208,3.86
1959-01-01,55.62,1.75667,19.712139243448284,2.96333,33.252445584137945,29,17.980339342993393,624.1292813793106,4.02
1959-02-01,54.77,1.76333,19.85533985951558,3.03667,34.19332450034603,28.9,17.75916926361142,616.7177806228376,3.96
1959-03-01,56.16,1.77,19.930444982698972,3.11,35.01903044982701,28.9,18.200871845485636,632.3693730103809,3.99
1959-04-01,57.1,1.77667,19.936565450344833,3.20667,35.98303924344829,29,18.430753048783423,640.7368206896555,4.12
1959-05-01,57.96,1.78333,20.01129937724139,3.30333,37.06769110137932,29,18.692721439594173,650.3871475862071,4.31
1959-06-01,57.46,1.79,20.017120962199318,3.4,38.02134707903782,29.1,18.448591397066465,642.560765635739,4.34
1959-07-01,59.74,1.79667,20.02290267328768,3.41,38.00258150684933,29.2,19.090533975796507,665.7695657534249,4.4
1959-08-01,59.4,1.80333,20.09712472397261,3.42,38.11402602739728,29.2,18.958803640750205,661.9804520547948,4.43
1959-09-01,57.05,1.81,20.10261365187714,3.43,38.09500819112629,29.3,18.12329055675862,633.6210546075088,4.68
1959-10-01,57,1.81667,20.108065240136064,3.41667,37.81788836938777,29.4,18.021962441515427,630.9124489795921,4.53
1959-11-01,57.23,1.82333,20.181782378911574,3.40333,37.67023271904764,29.4,18.07178913057021,633.4582360544221,4.53
1959-12-01,59.06,1.83,20.25561020408164,3.39,37.52268775510206,29.4,18.6247289779001,653.7138462585036,4.69
1960-01-01,58.03,1.86667,20.73201426825939,3.39,37.65075153583619,29.3,18.338284994375556,644.5053426621163,4.72
1960-02-01,55.78,1.90333,21.067273535374156,3.39,37.52268775510206,29.4,17.54527510894597,617.4087088435377,4.49
1960-03-01,55.02,1.94,21.473160544217695,3.39,37.52268775510206,29.4,17.286020720522142,608.9965428571431,4.25
1960-04-01,55.73,1.94333,21.43710379457628,3.34667,36.91751383254239,29.5,17.429766947597198,614.7642420338985,4.28
1960-05-01,55.22,1.94667,21.473947730847467,3.30333,36.439425150508484,29.5,17.256170578727904,609.138371525424,4.35
1960-06-01,57.26,1.95,21.438010135135144,3.26,35.83995540540542,29.6,17.823363817264735,629.5079283783786,4.15
1960-07-01,55.84,1.95,21.438010135135144,3.26333,35.876564930405415,29.6,17.376806472898107,613.8966594594597,3.9
1960-08-01,56.51,1.95,21.438010135135144,3.26667,35.91328439391893,29.6,17.582113039577667,621.2625398648651,3.8
1960-09-01,54.81,1.95,21.438010135135144,3.27,35.949893918918924,29.6,17.052015467817657,602.5729925675678,3.8
1960-10-01,53.73,1.95,21.29413087248323,3.27,35.70861946308726,29.8,16.605104536251027,586.7352060402686,3.89
1960-11-01,55.47,1.95,21.29413087248323,3.27,35.70861946308726,29.8,17.146088452418997,605.7361228187922,3.93
1960-12-01,56.8,1.95,21.29413087248323,3.27,35.70861946308726,29.8,17.56209083395712,620.2598120805371,3.84
1961-01-01,59.72,1.94667,21.257767048993298,3.21,35.05341543624162,29.8,18.470416986477172,652.1464080536915,3.84
1961-02-01,62.17,1.94333,21.221294024832222,3.15,34.398211409395984,29.8,19.23401449829835,678.9005724832217,3.78
1961-03-01,64.12,1.94,21.18493020134229,3.09,33.743007382550346,29.8,19.844225272725563,700.194703355705,3.74
1961-04-01,65.83,1.94,21.18493020134229,3.07,33.524606040268466,29.8,20.382842975754773,718.8680181208057,3.78
1961-05-01,66.5,1.94,21.18493020134229,3.05,33.30620469798659,29.8,20.598606843297333,726.1844630872487,3.71
1961-06-01,65.62,1.94,21.18493020134229,3.03,33.08780335570471,29.8,20.332414551592287,716.574804026846,3.88
1961-07-01,65.44,1.94667,21.11604860200001,3.03667,32.93956926866668,30,20.146643736827308,709.8451306666669,3.92
1961-08-01,67.79,1.95333,21.25915524882944,3.04333,33.122219462876274,29.9,20.941688475215177,737.7955257525088,4.04
1961-09-01,67.26,1.96,21.260642666666676,3.05,33.08416333333334,30,20.705243044147245,729.5871560000003,3.98
1961-10-01,68,1.98,21.477588000000008,3.09667,33.59040526866668,30,20.92419014101078,737.6141333333336,3.92
1961-11-01,71.08,2.0,21.694533333333343,3.14333,34.09653873133335,30,21.85795772195966,771.0237146666669,3.94
1961-12-01,71.74,2.02,21.911478666666675,3.19,34.60278066666668,30,22.041480198382253,778.1829106666669,4.06
1962-01-01,69.07,2.02667,21.983829935333343,3.25,35.25361666666667,30,21.19793140001521,749.220708666667,4.08
1962-02-01,70.22,2.03333,21.982796742192697,3.31,35.78516877076413,30.1,21.45168775487336,759.1645169435218,4.04
1962-03-01,70.29,2.04,22.05490764119602,3.37,36.43384252491696,30.1,21.443158568526215,759.9213029900335,3.93
1962-04-01,68.05,2.04667,22.05375026688743,3.40333,36.67234575960266,30.2,20.65833644764901,733.2680430463578,3.84
1962-05-01,62.99,2.05333,22.12551463377484,3.43667,37.03159861125829,30.2,19.08936749811664,678.7443649006626,3.87
1962-06-01,55.63,2.06,22.197386754966896,3.47,37.390743708609286,30.2,16.827571244792455,599.437196688742,3.91
1962-07-01,56.97,2.06667,22.195762972277233,3.49,37.48213927392741,30.3,17.141325661322778,611.850279207921,4.01
1962-08-01,58.52,2.07333,22.267290493069314,3.51,37.69693663366338,30.3,17.571262631045517,628.497074587459,3.98
1962-09-01,58,2.08,22.26544210526317,3.53,37.787024342105276,30.4,17.321461147465467,620.8632894736844,3.98
1962-10-01,56.17,2.09667,22.443886778289485,3.57667,38.28660519934212,30.4,16.73982096790132,601.2739822368425,3.93
1962-11-01,60.04,2.11333,22.622224405921063,3.62333,38.78607901118423,30.4,17.854386489497134,642.7005500000004,3.92
1962-12-01,62.64,2.13,22.80066907894738,3.67,39.28565986842107,30.4,18.585836118439847,670.5323526315792,3.86
1963-01-01,65.06,2.13667,22.872068357236852,3.68333,39.42835137960528,30.4,19.25923169325404,696.437338157895,3.83
1963-02-01,65.92,2.14333,22.94336059013159,3.69667,39.571149936184234,30.4,19.469191309671395,705.6432421052634,3.92
1963-03-01,65.67,2.15,22.93930163934427,3.71,39.58363213114756,30.5,19.28806460660483,700.6622970491807,3.93
1963-04-01,68.76,2.16667,23.11716124786886,3.75333,40.04593908000002,30.5,20.15007723822697,733.6308747540987,3.97
1963-05-01,70.14,2.18333,23.294914161967224,3.79667,40.508352723278705,30.5,20.5075858649526,748.3547055737707,3.93
1963-06-01,70.11,2.2,23.39606535947713,3.84,40.836768627450994,30.6,20.38414999384099,745.5900647058826,3.99
1963-07-01,69.07,2.20333,23.355154460586327,3.88,41.12774723127038,30.7,19.969231885949636,732.1375003257332,4.02
1963-08-01,70.98,2.20667,23.39055824299675,3.92,41.55174462540719,30.7,20.47263790052768,752.3833758957659,4
1963-09-01,72.85,2.21,23.425856026058643,3.96,41.975742019543986,30.7,20.96036009070511,772.2052540716616,4.08
1963-10-01,73.03,2.23333,23.596291621428577,3.98,42.050767532467546,30.8,20.891344595411496,771.599887662338,4.11
1963-11-01,72.62,2.25667,23.842890846103906,4.0,42.262077922077935,30.8,20.720399335339703,767.268024675325,4.12
1963-12-01,74.17,2.28,24.011425242718456,4.02,42.33593398058254,30.9,21.038599376737046,781.1085132686088,4.13
1964-01-01,76.45,2.29667,24.186982461488686,4.07333,42.89756964207122,30.9,21.627216196980918,805.1199385113272,4.17
1964-02-01,77.39,2.31333,24.3624343669903,4.12667,43.459310616828496,30.9,21.83267082671032,815.0193857605182,4.15
1964-03-01,78.8,2.33,24.53799158576053,4.18,44.02094627831717,30.9,22.167245585982627,829.8685566343046,4.22
1964-04-01,79.94,2.34667,24.713548804530756,4.23,44.547512621359246,30.9,22.42219216973717,841.8742692556638,4.23
1964-05-01,80.72,2.36333,24.889000710032374,4.28,45.074078964401316,30.9,22.57433076956383,850.0887042071201,4.2
1964-06-01,80.24,2.38,24.98370451612904,4.33,45.45354645161292,31,22.30028803608278,842.3077522580647,4.17
1964-07-01,83.22,2.4,25.112643086816725,4.37667,45.79572984115757,31.1,22.984351845738395,870.78089903537,4.19
1964-08-01,82,2.42,25.40359870967743,4.42333,46.4332645787097,31,22.650407292938787,860.7830967741938,4.19
1964-09-01,83.41,2.44,25.531187138263675,4.47,46.77229774919615,31.1,22.892221984231682,872.768983279743,4.2
1964-10-01,84.85,2.46,25.740459163987147,4.49667,47.05136199549841,31.1,23.212154680675336,887.836569131833,4.19
1964-11-01,85.44,2.48,25.866558974358984,4.52333,47.1786218570513,31.2,23.22501979309582,891.1446769230772,4.15
1964-12-01,83.96,2.5,26.075160256410268,4.55,47.45679166666668,31.2,22.752984772787265,875.7081820512824,4.18
1965-01-01,86.12,2.51667,26.24902942500001,4.59333,47.90872634423079,31.2,23.26933508192247,898.2371205128209,4.19
1965-02-01,86.75,2.53333,26.422794292948726,4.63667,48.36076532243591,31.2,23.372068272751335,904.8080608974362,4.21
1965-03-01,86.83,2.55,26.511690095846653,4.68,48.65674888178915,31.3,23.253528200034843,902.7490396166137,4.21
1965-04-01,87.97,2.57,26.634530573248416,4.73333,49.0544835012739,31.4,23.420551954771298,911.6885815286628,4.2
1965-05-01,89.28,2.59,26.841803184713385,4.78667,49.607279556050976,31.4,23.708808308861947,925.2649375796182,4.21
1965-06-01,85.04,2.61,26.87787911392406,4.84,49.84250379746837,31.6,22.385342986457793,875.745149367089,4.21
1965-07-01,84.91,2.62667,27.049547406962034,4.88667,50.32311322974685,31.6,22.300781712174434,874.40640443038,4.2
1965-08-01,86.49,2.64333,27.221112719620262,4.93333,50.803619681645586,31.6,22.66597184596439,890.67730443038,4.25
1965-09-01,89.38,2.66,27.39278101265824,4.98,51.28422911392407,31.6,23.374146831648627,920.4386341772154,4.29
1965-10-01,91.39,2.68,27.511679495268154,5.05,51.841037854889606,31.7,23.775745523312697,938.1688018927449,4.35
1965-11-01,92.15,2.7,27.716990536277613,5.12,52.55962649842273,31.7,23.925461156673727,945.9706214511045,4.45
1965-12-01,91.73,2.72,27.83449559748429,5.19,53.11067358490568,31.8,23.69411154910632,938.6978974842771,4.62
1966-01-01,93.32,2.74,28.03916100628932,5.24,53.62233710691826,31.8,24.05848338842175,954.9687974842769,4.61
1966-02-01,92.69,2.76,28.067302500000007,5.29,53.79566312500002,32,23.7000271455794,942.5935756250003,4.83
1966-03-01,88.88,2.78,28.182618068535835,5.34,54.13495700934581,32.1,22.61111258229,901.0327676012464,4.87
1966-04-01,91.6,2.79667,28.176060621052645,5.38,54.20275046439631,32.3,23.11369646261583,922.8572383900932,4.75
1966-05-01,86.78,2.81333,28.343907800000014,5.42,54.605744891640896,32.3,21.852177976763098,874.2964099071212,4.78
1966-06-01,86.06,2.83,28.423856172839518,5.46,54.838959259259276,32.4,21.55525338322626,864.3664530864202,4.81
1966-07-01,85.84,2.85,28.536655384615397,5.47667,54.83713840184618,32.5,21.38170200743342,859.5040344615388,5.02
1966-08-01,80.65,2.87,28.561151681957195,5.49333,54.66753706238534,32.7,19.913903864009814,802.5982171253826,5.22
1966-09-01,77.81,2.89,28.760184097859337,5.51,54.83343058103977,32.7,19.16167625061501,774.3356140672785,5.18
1966-10-01,77.13,2.88333,28.51937635075989,5.52333,54.63194534772038,32.9,18.825409371315686,762.9024419452891,5.01
1966-11-01,80.99,2.87667,28.453501460790285,5.53667,54.763892950152,32.9,19.71125121192897,801.0821829787237,5.16
1966-12-01,81.33,2.87,28.38752765957448,5.55,54.89574164133741,32.9,19.736473752791973,804.4451653495444,4.84
1967-01-01,84.45,2.88,28.48643890577509,5.51667,54.56607045775078,32.9,20.432242125384285,835.3054741641341,4.58
1967-02-01,87.36,2.89,28.585350151975696,5.48333,54.23630036291795,32.9,21.074443163678442,864.0886468085109,4.63
1967-03-01,89.42,2.9,28.597339393939404,5.45,53.74327575757578,33,21.443898602019097,881.7841684848488,4.54
1967-04-01,90.96,2.9,28.51094259818732,5.41,53.18765498489427,33.1,21.686025566746245,894.2604616314202,4.59
1967-05-01,92.59,2.9,28.42506626506025,5.37,52.635381325301225,33.2,21.9484773896584,907.5437536144581,4.85
1967-06-01,91.43,2.9,28.33970570570572,5.33,52.08642462462465,33.3,21.552097609793485,893.4825147147152,5.02
1967-07-01,93.01,2.90667,28.319842456886242,5.32,51.83304670658685,33.4,21.80419624566637,906.2014425149705,5.16
1967-08-01,94.49,2.91333,28.300000654925384,5.31,51.581181492537326,33.5,22.030627049126025,917.8730394029855,5.28
1967-09-01,95.81,2.92,28.28037380952382,5.3,51.33081547619049,33.6,22.219145488664797,927.9255529761908,5.3
1967-10-01,95.66,2.92,28.196455786350157,5.31,51.275061721068255,33.7,22.06819919418389,923.723616617211,5.48
1967-11-01,92.66,2.92,28.11303431952664,5.32,51.21963786982251,33.8,21.26310296833628,892.1074520710063,5.75
1967-12-01,95.3,2.92,28.030105014749275,5.33,51.164541002949875,33.9,21.75159780872363,914.8181533923307,5.7
1968-01-01,95.04,2.93,27.961136070381244,5.36667,51.21439935659826,34.1,21.511535896332184,906.9714580645165,5.53
1968-02-01,90.75,2.94,27.97452982456141,5.40333,51.41347491052633,34.2,20.424992376214224,863.4995175438598,5.56
1968-03-01,89.09,2.95,27.987845481049575,5.44,51.61148454810498,34.3,19.934711308295707,845.2329335276972,5.74
1968-04-01,95.67,2.96333,28.03258494011629,5.48333,51.87134540523258,34.4,21.277356015671746,905.0215133720934,5.64
1968-05-01,97.87,2.97667,28.07715936405798,5.52667,52.12979414666669,34.5,21.63022714277988,923.1495553623192,5.87
1968-06-01,100.5,2.99,28.040340634005773,5.57,52.2356847262248,34.7,22.00462343134654,942.4930547550435,5.72
1968-07-01,100.3,3.00333,28.003943895128952,5.6,52.21606876790833,34.9,21.753537415670948,935.2270888252152,5.5
1968-08-01,98.11,3.01667,28.047963373142867,5.63,52.34580971428573,35,21.13776679361786,912.1931422857145,5.42
1968-09-01,101.3,3.03,28.091639316239323,5.66,52.47481139601142,35.1,21.680275633292936,939.1693276353279,5.46
1968-10-01,103.8,3.04333,28.05536436090653,5.69333,52.48476096147311,35.3,22.004606927956893,956.8948555240797,5.58
1968-11-01,105.4,3.05667,28.098741188135605,5.72667,52.642980171186466,35.4,22.19552922715816,968.8999209039554,5.7
1968-12-01,106.5,3.07,28.141781971830994,5.76,52.800216338028186,35.5,22.277872995434887,976.2540000000004,6.03
1969-01-01,102,3.08,28.15414157303372,5.78,52.83472022471912,35.6,21.194968072847164,932.3774157303374,6.04
1969-02-01,101.5,3.09,28.087754748603363,5.8,52.721351955307284,35.8,20.895729901987245,922.6236592178775,6.19
1969-03-01,99.3,3.1,27.944481994459846,5.82,52.46351135734074,36.1,20.202287616481666,895.124858725762,6.3
1969-04-01,101.3,3.11,27.880164738292024,5.82667,52.23425063526173,36.3,20.42860808193217,908.122407713499,6.17
1969-05-01,104.6,3.12,27.89297142857144,5.83333,52.150290712637386,36.4,20.97225827197211,935.1297472527476,6.32
1969-06-01,99.14,3.13,27.829462841530063,5.84,51.924620765027335,36.6,19.71334158375764,881.4737846994539,6.57
1969-07-01,94.71,3.13667,27.737197773369576,5.85667,51.789832555978286,36.8,18.68170820719277,837.5092059782612,6.72
1969-08-01,94.18,3.14333,27.645842214594605,5.87333,51.65641356594597,37,18.429515590207753,828.3207362162166,6.69
1969-09-01,94.51,3.15,27.629830188679254,5.89,51.66339676549867,37.1,18.39804634467698,828.9826194070084,7.16
1969-10-01,95.52,3.15333,27.510733027882047,5.85333,51.066459569437015,37.3,18.448662031815367,833.3492589812336,7.1
1969-11-01,96.21,3.15667,27.392993014933346,5.81667,50.47597648160002,37.5,18.437760084691057,834.8924208000003,7.14
1969-12-01,91.11,3.16,27.276415915119372,5.78,49.89167214854113,37.7,17.326929913742696,786.4412196286474,7.65
1970-01-01,90.31,3.16333,27.232923860846576,5.73,49.329236507936535,37.8,17.09054139514022,777.4735338624342,7.79
1970-02-01,87.16,3.16667,27.118195212105274,5.68,48.64142736842107,38,16.37258678715986,746.4061284210528,7.24
1970-03-01,88.65,3.17,27.004582722513096,5.63,47.96082041884818,38.2,16.53169081394363,755.1912486910998,7.07
1970-04-01,85.95,3.17333,26.822303946493516,5.59333,47.27714966077924,38.5,15.873067819354068,726.4851194805198,7.39
1970-05-01,76.06,3.17667,26.78097404300519,5.55667,46.84560720362696,38.6,13.9838360607892,641.2252093264251,7.91
1970-06-01,75.59,3.18,26.670856701030942,5.52,46.29658144329898,38.8,13.799691797725194,633.9780056701035,7.84
1970-07-01,75.72,3.18333,26.56186876769232,5.46667,45.6141748220513,39,13.726499744359778,631.8115630769233,7.46
1970-08-01,77.92,3.18667,26.58973789897437,5.41333,45.169103126666684,39,14.10045651681546,650.1684758974362,7.53
1970-09-01,82.58,3.19,26.48171989795919,5.36,44.49593061224492,39.2,14.84266114524223,685.5361846938778,7.39
1970-10-01,84.37,3.17333,26.20961172436549,5.28333,43.6368193385787,39.4,15.064185404089638,696.8405243654826,7.33
1970-11-01,84.28,3.15667,25.940334294444455,5.20667,42.7864681328283,39.6,14.95076190879174,692.5815414141416,6.84
1970-12-01,90.05,3.14,25.673681407035186,5.13,41.944581407035194,39.8,15.87384068720575,736.278665829146,6.39
1971-01-01,93.49,3.13,25.59191809045227,5.16,42.18987135678394,39.8,16.461793943491948,764.4052467336686,6.24
1971-02-01,97.11,3.12,25.44621954887219,5.19,42.328807518797014,39.9,17.03453478150213,792.013583458647,6.11
1971-03-01,99.6,3.11,25.301249500000008,5.22,42.46704900000002,40,17.40290260718888,810.2908200000003,5.7
1971-04-01,103,3.10667,25.211130624937663,5.25333,42.63162448728181,40.1,17.924110447959617,835.8616957605988,5.83
1971-05-01,101.6,3.10333,25.05904322431763,5.28667,42.689269927047164,40.3,17.56415327969939,820.408655086849,6.39
1971-06-01,99.72,3.1,24.847187192118238,5.32,42.64097931034485,40.6,17.08316688007071,799.2779054187195,6.52
1971-07-01,99,3.09667,24.75951248304669,5.35667,42.82940634054056,40.7,16.889414708693362,791.5572972972975,6.73
1971-08-01,97.24,3.09333,24.67218779264707,5.39333,43.01682994950982,40.8,16.51944944305157,775.579566666667,6.58
1971-09-01,99.4,3.09,24.64562794117648,5.43,43.3093073529412,40.8,16.856792547836005,792.8075784313729,6.14
1971-10-01,97.29,3.08333,24.532300291931552,5.52,43.91949535452324,40.9,16.428862709159475,774.0811056234722,5.93
1971-11-01,92.78,3.07667,24.47931046601468,5.61,44.635574083129605,40.9,15.638712654326651,738.1976048899759,5.81
1971-12-01,99.17,3.07,24.30737858880779,5.7,45.13096350364965,41.1,16.603557212925338,785.1995878345501,5.93
1972-01-01,103.3,3.07,24.30737858880779,5.73667,45.42130603552313,41.1,17.26299679703518,817.8997420924576,5.95
1972-02-01,105.2,3.07,24.189667312348675,5.77333,45.490205858111395,41.3,17.464147605486172,828.9097723970948,6.08
1972-03-01,107.7,3.07,24.131238164251215,5.81,45.66856473429953,41.4,17.805643849614942,846.5584202898553,6.07
1972-04-01,108.8,3.07,24.073090602409646,5.86333,45.976701733494,41.5,17.9151616784983,853.1440578313257,6.19
1972-05-01,107.7,3.07,24.01522259615385,5.91667,46.28343553028847,41.6,17.662646200372553,842.4884278846156,6.13
1972-06-01,108,3.07,23.95763213429257,5.97,46.5886201438849,41.7,17.64085731574026,842.8092086330938,6.11
1972-07-01,107.2,3.07333,23.86913847112173,6.02667,46.80636988210026,41.9,17.39869003113818,832.573021479714,6.11
1972-08-01,111,3.07667,23.838185668095246,6.08333,47.13393052238097,42,17.943404688029805,860.0332857142861,6.21
1972-09-01,109.4,3.08,23.80730261282661,6.14,47.46001235154395,42.1,17.613854552912116,845.6230213776726,6.55
1972-10-01,109.6,3.10333,23.87421848557921,6.23333,47.953611866193874,42.3,17.533183854158562,843.1634231678491,6.48
1972-11-01,115.1,3.12667,23.99704476556605,6.32667,48.556893822169826,42.4,18.338894714968063,883.3870707547173,6.28
1972-12-01,117.5,3.15,24.119216470588242,6.42,49.15726023529414,42.5,18.645719442073688,899.6850588235297,6.36
1973-01-01,118.4,3.15667,24.113550189201888,6.54667,50.009489625821615,42.6,18.71253046730244,904.4481502347422,6.46
1973-02-01,114.2,3.16333,23.99544340186481,6.67333,50.62055249277392,42.9,17.889889599193758,866.2642331002335,6.64
1973-03-01,112.4,3.17,23.823904387990773,6.8,51.10490531177832,43.3,17.412142058290343,844.7340230946887,6.71
1973-04-01,110.3,3.18667,23.784398579357806,6.94333,51.82304041146791,43.6,16.935740066050833,823.2478302752297,6.67
1973-05-01,107.2,3.20333,23.745358586332582,7.08667,52.53143457995446,43.9,16.31433875966858,794.642587699317,6.85
1973-06-01,104.8,3.22,23.706922171945713,7.23,53.230138914027165,44.2,15.808323047681982,771.5793303167422,6.9
1973-07-01,105.8,3.23667,23.775861807223485,7.38333,54.23630884740408,44.3,15.889518573988788,777.1833950338604,7.13
1973-08-01,103.8,3.25333,23.474326872283825,7.53667,54.38066691929048,45.1,15.278501094706126,748.9664833702884,7.4
1973-09-01,105.6,3.27,23.54240840707965,7.69,55.36425707964604,45.2,15.475308601805562,760.2686017699116,7.09
1973-10-01,109.8,3.30667,23.59758636096492,7.84667,55.99665916798247,45.6,15.913516308933387,783.5722894736845,6.79
1973-11-01,102,3.34333,23.703262787363844,8.00333,56.7413429616558,45.9,14.65184515971057,723.1511111111114,6.73
1973-12-01,94.78,3.38,23.807637229437237,8.16,57.476425974025986,46.2,13.49332968620589,667.5999575757578,6.74
1974-01-01,96.11,3.4,23.74294420600859,8.22667,57.448637297424916,46.6,13.53072189251395,671.1571669527899,6.99
1974-02-01,93.45,3.42,23.579016101694926,8.29333,57.17794199025425,47.2,12.95732128020539,644.286273305085,6.96
1974-03-01,97.44,3.44,23.41920334728034,8.36,56.91411046025107,47.8,13.310364239140162,663.3625506276154,7.21
1974-04-01,92.46,3.46,23.457214166666674,8.48667,57.53573287625002,48,12.550411048540903,626.8364225000001,7.51
1974-05-01,89.67,3.48,23.301535802469143,8.61333,57.67351073950619,48.6,11.995436947329656,600.4162975308644,7.58
1974-06-01,89.79,3.5,23.244142857142865,8.74,58.043945306122474,49,11.888498820078995,596.3118820408166,7.54
1974-07-01,79.31,3.53,23.253553441295555,8.86333,58.38637898663969,49.4,10.394141805327047,522.4474004048585,7.81
1974-08-01,76.03,3.56,23.16976160000001,8.98667,58.48848356120002,50,9.824195723141193,494.8306108000002,8.04
1974-09-01,68.12,3.59,23.087956916996056,9.11,58.58810237154152,50.6,8.680421305646332,438.0923747035575,8.04
1974-10-01,69.44,3.59333,22.883253658317035,9.03667,57.54784888571431,51.1,8.74498383380958,442.2118575342467,7.9
1974-11-01,71.74,3.59667,22.72662442834952,8.96333,56.63745479495147,51.5,8.948984512755603,453.3104333980584,7.68
1974-12-01,67.07,3.6,22.57234682080926,8.89,55.74115645472064,51.9,8.289060055923079,420.5353614643546,7.43
1975-01-01,72.56,3.62333,22.631416543953943,8.74333,54.61107412552785,52.1,8.920995508404246,453.2117097888678,7.5
1975-02-01,80.1,3.64667,22.60365824876191,8.59667,53.2859268201905,52.5,9.762246716166462,496.4948914285716,7.39
1975-03-01,83.78,3.67,22.661936622390897,8.45,52.178028462998114,52.7,10.163796767444031,517.3343461100571,7.73
1975-04-01,84.72,3.68333,22.658258637807194,8.28667,50.97602226956524,52.9,10.233076136605915,521.160925519849,8.23
1975-05-01,90.1,3.69667,22.612085677819557,8.12333,49.68943236729324,53.2,10.818139119335804,551.1308609022558,8.06
1975-06-01,92.4,3.71,22.5242682835821,7.96,48.32700149253733,53.6,11.01135460924766,560.9817761194032,7.86
1975-07-01,92.49,3.71,22.27492214022141,7.89333,47.39172808007381,54.2,10.902767048238571,555.3120077490776,8.06
1975-08-01,85.71,3.71,22.233900184162074,7.82667,46.904959448618804,54.3,10.089769593328011,513.6570309392266,8.4
1975-09-01,84.67,3.71,22.111735897435906,7.76,46.24988424908427,54.6,9.918905356559415,504.6363014652016,8.43
1975-10-01,88.57,3.7,21.931632058287807,7.82667,46.392336940983625,54.9,10.32759977750111,524.9958517304191,8.14
1975-11-01,90.07,3.69,21.714148643761312,7.89333,46.44903547811937,55.3,10.435859457947894,530.0253030741412,8.05
1975-12-01,88.7,3.68,21.577265585585597,7.96,46.67256360360362,55.5,10.250368416256833,520.0824612612614,8
1976-01-01,96.86,3.68333,21.557947516906484,8.19333,47.95426370395685,55.6,11.185051362622144,566.9062496402879,7.74
1976-02-01,100.6,3.68667,21.500157312903234,8.42667,49.143191721505396,55.8,11.586092994449684,586.6854982078855,7.79
1976-03-01,101.1,3.69,21.481080858676215,8.66,50.413593559928465,55.9,11.631754403566507,588.5466869409662,7.73
1976-04-01,101.9,3.71333,21.5398292680927,8.85667,51.37468517041,56.1,11.689164132206365,591.0890231729057,7.56
1976-05-01,101.2,3.73667,21.521764213451334,9.05333,52.14365560955755,56.5,11.53205358560942,582.8725946902657,7.9
1976-06-01,101.8,3.76,21.541754929577476,9.25,52.99500880281692,56.8,11.543841631417097,583.2315563380283,7.86
1976-07-01,104.2,3.79,21.599548511383546,9.35,53.28648511383539,57.1,11.757490488689907,593.8451068301229,7.83
1976-08-01,103.3,3.82,21.656737979094082,9.45,53.57491463414636,57.4,11.597986002509245,585.6390139372824,7.77
1976-09-01,105.5,3.85,21.7510295138889,9.55,53.95385243055558,57.6,11.805990949539783,596.0347048611112,7.59
1976-10-01,101.9,3.91667,22.013038308462875,9.67,54.34874024179622,57.9,11.345696136316695,572.7131986183077,7.41
1976-11-01,101.2,3.98333,22.34909106793104,9.79,54.92831413793105,58,11.24885586050796,567.7983034482761,7.29
1976-12-01,104.7,4.05,22.645067010309287,9.91,55.41052199312716,58.2,11.597589726582937,585.4169175257734,6.87
1977-01-01,103.8,4.09667,22.788549710427358,9.96667,55.44160372752139,58.5,11.437961346787548,577.4083487179489,7.21
1977-02-01,101,4.14333,22.81411441522843,10.0233,55.190562426395964,59.1,11.014841854222773,556.1289001692049,7.39
1977-03-01,100.6,4.19,22.91599025210085,10.08,55.12963764705885,59.5,10.895746511662736,550.2025344537817,7.46
1977-04-01,99.05,4.24667,23.032380967666672,10.1933,55.28472165666669,60,10.636037409141354,537.2108816666669,7.37
1977-05-01,98.76,4.30333,23.223566201326708,10.3067,55.621653409618595,60.3,10.548486693556994,532.973162189055,7.46
1977-06-01,99.29,4.36,23.37434069192752,10.42,55.86252981878091,60.7,10.530023959090755,532.3023594728173,7.28
1977-07-01,100.2,4.40667,23.50835636163935,10.5167,56.10366361639347,61,10.567692447775404,534.5390754098363,7.33
1977-08-01,97.75,4.45333,23.679636306209158,10.6133,56.43396829084969,61.2,10.268385666710993,519.7648611111113,7.4
1977-09-01,96.23,4.5,23.849853420195448,10.71,56.762651140065174,61.4,10.0677428200707,510.01586547231295,7.34
1977-10-01,93.74,4.55667,24.07179282564936,10.77,56.89532240259742,61.6,9.766666299556544,495.2058980519482,7.52
1977-11-01,94.28,4.61333,24.252998738933776,10.83,56.93500710823911,61.9,9.766299983660199,495.6447340872377,7.58
1977-12-01,93.82,4.67,24.471852818035433,10.89,57.06605507246379,62.1,9.678266582535919,491.637951046699,7.69
1978-01-01,90.25,4.71333,24.54083875104001,10.9,56.75289920000002,62.5,9.241462260934686,469.9035920000002,7.96
1978-02-01,88.98,4.75667,24.60899901526233,10.91,56.443726232114486,62.9,9.04526357070474,460.34489093799704,8.03
1978-03-01,88.82,4.8,24.637324921135654,10.92,56.04991419558362,63.4,8.950420077633895,455.89316656151436,8.04
1978-04-01,92.71,4.83667,24.63129073646323,11.0233,56.137405937402214,63.9,9.262588720866844,472.13619374021926,8.15
1978-05-01,97.41,4.87333,24.587120960310088,11.1267,56.136875358139555,64.5,9.634910728598449,491.4568586046513,8.35
1978-06-01,97.66,4.91,24.506171472392644,11.23,56.04975674846628,65.2,9.549678981041739,487.4282496932517,8.46
1978-07-01,97.19,4.94667,24.50130073150686,11.3433,56.184383552511434,65.7,9.425524047787361,481.39079786910213,8.64
1978-08-01,103.9,4.98333,24.57068609000001,11.4567,56.4881272818182,66,10.023970854003755,512.2868212121215,8.41
1978-09-01,103.9,5.02,24.565388872180456,11.57,56.61783849624062,66.5,9.94188747300441,508.435040601504,8.42
1978-10-01,100.6,5.03667,24.42657344351715,11.8233,57.34000952906113,67.1,9.533608358208834,487.88451266766043,8.64
1978-11-01,94.71,5.05333,24.398286972403568,12.0767,58.30824273887242,67.4,8.928418902293153,457.27505608308616,8.81
1978-12-01,96.11,5.07,24.37029926144757,12.33,59.26741418020681,67.7,9.011941819133831,461.97819763663233,9.01
1979-01-01,99.71,5.11333,24.36265917920938,12.6533,60.2871387906296,68.3,9.257636919139975,475.07216368960485,9.1
1979-02-01,98.23,5.15667,24.284706773661373,12.9767,61.112181774240256,69.1,9.003740371045634,462.60217279305374,9.1
1979-03-01,100.1,5.2,24.243174785100297,13.3,62.00658166189115,69.8,9.070785029660765,466.6811146131807,9.12
1979-04-01,102.1,5.24667,24.18358155892352,13.5267,62.34889037677057,70.6,9.133063566217416,470.6115835694053,9.18
1979-05-01,99.73,5.29333,24.09153653062938,13.7533,62.59540390769232,71.5,8.794383289814958,453.9012187412589,9.25
1979-06-01,101.7,5.34,24.035022406639012,13.98,62.92314854771787,72.3,8.853937764693955,457.7456514522824,8.91
1979-07-01,102.7,5.39667,24.02426208016417,14.1967,63.199202744186074,73.1,8.827498045542368,457.1878057455543,8.95
1979-08-01,107.4,5.45333,24.046229565582667,14.4133,63.55484091327915,73.8,9.127165797215037,473.57578861788636,9.03
1979-09-01,108.6,5.51,24.03556541554961,14.63,63.8185702412869,74.6,9.11275899074096,473.731833780161,9.33
1979-10-01,104.5,5.55667,24.04575050611703,14.7067,63.64128857180853,75.2,8.681843306899315,452.20985372340436,10.3
1979-11-01,103.7,5.60333,24.024037443214763,14.7833,63.382765736495415,75.9,8.518784302983562,444.6093096179184,10.65
1979-12-01,107.8,5.65,23.97146936114734,14.86,63.047085788787506,76.7,8.745204404669293,457.36714993481104,10.39
1980-01-01,110.9,5.7,23.841678663239087,15.0033,62.755062717223666,77.8,8.850934180729112,463.8670462724938,10.8
1980-02-01,115.3,5.75,23.715506970849184,15.1467,62.47159468441067,78.9,9.054476092192518,475.54747021546274,12.41
1980-03-01,104.7,5.8,23.563350811485652,15.29,62.11786791510614,80.1,8.081150900785502,425.35910861423247,12.75
1980-04-01,103,5.84667,23.48903281555556,15.1733,60.958826412345694,81,7.8440245047192185,413.8031358024693,11.47
1980-05-01,107.7,5.89333,23.444934742542795,15.0567,59.898792183374105,81.8,8.104225807176496,428.4537726161371,10.18
1980-06-01,114.6,5.94,23.3734331318017,14.94,58.78772575574367,82.7,8.512077962306742,450.94199274486107,9.78
1980-07-01,119.8,5.98333,23.54393327617897,14.84,58.39423361547765,82.7,8.880865527295844,471.4035840386942,10.25
1980-08-01,123.5,6.02667,23.543660240816337,14.74,57.58296902761107,83.3,9.071005981618384,482.46246098439394,11.1
1980-09-01,126.5,6.07,23.515324523809532,14.64,56.71570857142859,84,9.196040131743242,490.0640119047621,11.51
1980-10-01,130.2,6.1,23.40860613207548,14.7,56.41090330188681,84.8,9.357841046757112,499.63942924528317,11.75
1980-11-01,135.7,6.13,23.33113847953217,14.76,56.17742315789476,85.5,9.654043663233391,516.4821356725148,12.68
1980-12-01,133.5,6.16,23.227982387022028,14.82,55.88290567786793,86.3,9.389902084921744,503.39864426419484,12.84
1981-01-01,133,6.2,23.190708045977022,14.74,55.134038160919566,87,9.259404530877955,497.4780919540232,12.57
1981-02-01,128.4,6.24,23.10134607508533,14.66,54.273354721274195,87.9,8.829899353831308,475.35462116040975,13.19
1981-03-01,133.2,6.28,23.09180836158193,14.58,53.61123661016951,88.5,9.081096883854626,489.7816677966103,13.12
1981-04-01,134.4,6.31667,23.070237015263757,14.7233,53.773589667789025,89.1,9.085561230788745,490.866208754209,13.68
1981-05-01,131.7,6.35333,23.023251023830746,14.8667,53.87407328062363,89.8,8.818483466548068,477.2555746102451,14.1
1981-06-01,132.3,6.39,22.95166688741723,15.01,53.91307041942608,90.6,8.76534074430493,475.19648344370887,13.47
1981-07-01,129.1,6.43333,22.855036920742364,15.0967,53.63251005021837,91.6,8.445319467875514,458.6404344978168,14.28
1981-08-01,129.6,6.47667,22.834507021235115,15.1833,53.53108471722645,92.3,8.399806316566442,456.9249490790901,14.94
1981-09-01,118.3,6.52,22.76529356223177,15.27,53.31687618025752,93.2,7.581163051923158,413.05739699570825,15.32
1981-10-01,119.8,6.55667,22.844308758672387,15.3,53.307231263383315,93.4,7.649141713319213,417.3991049250536,15.15
1981-11-01,122.9,6.59333,22.89848732059766,15.33,53.24074642475989,93.7,7.810752565716113,426.82894557097137,13.39
1981-12-01,123.8,6.63,22.95235468085107,15.36,53.174685957446826,94,7.832562137141897,428.58242978723416,13.72
1982-01-01,117.3,6.66,22.982861930010614,15.1767,52.372973071049856,94.3,7.388659973375996,404.7882439024392,14.59
1982-02-01,114.5,6.69,23.013175687103608,14.9933,51.576001050739976,94.6,7.181823450546733,393.87273784355193,14.43
1982-03-01,110.8,6.72,23.140835555555565,14.81,50.99937121693124,94.5,6.950673793536033,381.54830052910063,13.86
1982-04-01,116.3,6.75,23.146169652265552,14.5967,50.05299178714438,94.9,7.259072625426149,398.7999304531087,13.87
1982-05-01,116.4,6.78,23.030626722338216,14.3833,48.85787807306891,95.8,7.1926124844646235,395.3930605427977,13.62
1982-06-01,109.7,6.81,22.84635649484537,14.17,47.53786659793816,97,6.692133988197589,368.02427422680427,14.3
1982-07-01,109.4,6.82333,22.7736861737436,13.9667,46.615544416410266,97.5,6.63865310020876,365.13568410256426,13.95
1982-08-01,109.7,6.83667,22.771499263664285,13.7633,45.842636227226215,97.7,6.6434227521660905,365.3874575230298,13.06
1982-09-01,122.4,6.85,22.76928804902963,13.56,45.073218386108294,97.9,7.398838200323306,406.85559959141995,12.34
1982-10-01,132.7,6.85667,22.721831344806528,13.2533,43.919168832993904,98.2,7.999840994534587,439.74509775967425,10.91
1982-11-01,138.1,6.86333,22.790317570816338,12.9467,42.990706332653076,98,8.34747693815543,458.57373265306137,10.55
1982-12-01,139.4,6.87,22.90595963114755,12.64,42.14429836065576,97.6,8.467738401400478,464.7875942622953,10.54
1983-01-01,144.3,6.88333,22.903471185480583,12.5667,41.81421657055216,97.8,8.756783224134743,480.1412822085892,10.46
1983-02-01,146.8,6.89667,22.924418366292144,12.4933,41.52752501940757,97.9,8.910493436624119,487.96080081716053,10.72
1983-03-01,151.9,6.91,22.968727068437186,12.42,41.283877017364674,97.9,9.232829705190527,504.91311746680304,10.51
1983-04-01,157.7,6.92,22.838666937119683,12.4767,41.17791846450306,98.6,9.531581284160412,520.4707768762679,10.4
1983-05-01,164.1,6.93,22.73333407258065,12.5333,41.114530437500015,99.2,9.8744565046684,538.3174778225808,10.38
1983-06-01,166.4,6.94,22.697496683417096,12.59,41.17600623115579,99.5,10.00011790313002,544.2166351758797,10.85
1983-07-01,167,6.96,22.671764564564572,12.8267,41.78217277877879,99.9,10.014475995571022,543.9920520520523,11.38
1983-08-01,162.4,6.98,22.6688387225549,13.0633,42.42547863672656,100.2,9.728056935665204,527.4239840319362,11.85
1983-09-01,167.2,7.0,22.620913604766642,13.3,42.979735849056624,100.7,9.984202458028774,540.3166792452831,11.65
1983-10-01,167.7,7.03,22.650381584158424,13.5433,43.63597623168318,101,10.003391799449624,540.3227584158418,11.54
1983-11-01,165.2,7.06,22.702085770750994,13.7867,44.332414432806345,101.2,9.853581649364278,531.2159446640318,11.69
1983-12-01,164.4,7.09,22.776047581441272,14.03,45.07023237907208,101.3,9.81501090360867,528.1216110562688,11.83
1984-01-01,166.4,7.12,22.73774445534839,14.44,46.11418959764476,101.9,9.894931809202536,531.3989715407264,11.67
1984-02-01,157.3,7.15,22.722057617187506,14.85,47.19196582031252,102.4,9.324529645727983,499.8852675781252,11.84
1984-03-01,157.4,7.18,22.77291656920079,15.26,48.4003769980507,102.6,9.326747066508245,499.22800389863573,12.32
1984-04-01,157.6,7.22333,22.799239592046565,15.5733,49.15453093501456,103.1,9.305643404594822,497.4381842871001,12.63
1984-05-01,156.6,7.26667,22.86948953636364,15.8867,49.99824120502903,103.4,9.231831816896046,492.84776402321097,13.41
1984-06-01,153.1,7.31,22.93930163934427,16.2,50.83675602700098,103.7,9.010185512291006,480.4387251687562,13.56
1984-07-01,151.1,7.33333,22.92408820307398,16.32,51.01653948126803,104.1,8.8683022140433,472.34063208453426,13.36
1984-08-01,164.4,7.35667,22.909022373779912,16.44,51.194946602870836,104.5,9.623063257373168,511.94946602870834,12.72
1984-09-01,166.1,7.38,22.87223657142858,16.56,51.32306742857144,105,9.687341313628082,514.780283809524,12.52
1984-10-01,164.8,7.43,22.96159297245965,16.5867,51.25936125925928,105.3,9.595070703048505,509.29616714150075,12.16
1984-11-01,166.3,7.48,23.116112440645782,16.6133,51.3415656163343,105.3,9.691973221783085,513.9317511870847,11.57
1984-12-01,164.5,7.53,23.270631908831916,16.64,51.4240790123457,105.3,9.595054801133458,508.3690503323839,11.5
1985-01-01,171.6,7.57333,23.360169686635082,16.5567,51.06965119052135,105.5,9.997001177730452,529.3054862559244,11.38
1985-02-01,180.9,7.61667,23.383033189245293,16.4733,50.57272018301888,106,10.494935172607077,555.3595867924531,11.51
1985-03-01,179.4,7.66,23.427649248120307,16.39,50.12782913533836,106.4,10.373217214924729,548.6841090225566,11.86
1985-04-01,180.6,7.68667,23.399258915434995,16.13,49.10189279700656,106.9,10.397118719816815,549.7707277829749,11.43
1985-05-01,184.9,7.71333,23.392883708667295,15.87,48.13032301957131,107.3,10.608120467860093,560.7622385834112,10.85
1985-06-01,188.9,7.74,23.40832081784388,15.61,47.20980464684017,107.6,10.810049845861212,571.2960985130114,10.16
1985-07-01,192.5,7.77333,23.465505583859006,15.4833,46.7397450779221,107.8,10.997563956793375,581.1035714285716,10.31
1985-08-01,188.3,7.80667,23.52250868574075,15.3567,46.27172778333335,108,10.738799808877278,567.3723092592595,10.33
1985-09-01,184.1,7.84,23.557498799630668,15.23,45.762845244690695,108.3,10.471234661697544,553.1805521698986,10.37
1985-10-01,186.2,7.86,23.530685188592464,15.0233,44.97564157681695,108.7,10.552516982943743,557.4317534498622,10.24
1985-11-01,197.5,7.88,23.525631559633034,14.8167,44.235053950458735,109,11.164611128667461,589.6335321100919,9.78
1985-12-01,207.3,7.9,23.520605672461127,14.61,43.49823403476671,109.3,11.690521474467591,617.1926020128091,9.26
1986-01-01,208.2,7.94,23.574990145985414,14.58,43.29009525547447,109.6,11.715007584487978,618.1754343065695,9.19
1986-02-01,219.4,7.98,23.75878902104301,14.55,43.319596523330304,109.3,12.38821909941812,653.2178334858191,8.7
1986-03-01,232.3,8.02,23.987613602941185,14.52,43.42894632352942,108.8,13.189022981532709,694.8033216911767,7.78
1986-04-01,238,8.04667,24.111705875322297,14.5833,43.69860330939228,108.6,13.552504172869472,713.1628360957645,7.3
1986-05-01,238.5,8.07333,24.124948594490366,14.6467,43.76767512029386,108.9,13.56004619923233,712.692314049587,7.71
1986-06-01,245.3,8.1,24.072016438356172,14.71,43.715970593607324,109.5,13.888688626457109,728.9957570776259,7.8
1986-07-01,240.2,8.14333,24.200786867031976,14.7567,43.85475616986303,109.5,13.619995534083802,713.8393022831052,7.3
1986-08-01,245,8.18667,24.285230428988157,14.8033,43.913038098450336,109.7,13.88766755086605,726.7767547857796,7.17
1986-09-01,238.3,8.23,24.302995825771333,14.85,43.85169963702361,110.2,13.467314312977127,703.6942776769513,7.45
1986-10-01,237.4,8.24667,24.330143772076166,14.7267,43.44817099365368,110.3,13.425918860857356,700.4010262919314,7.43
1986-11-01,245.1,8.26333,24.357213061050732,14.6033,43.04507861775364,110.4,13.872985596138596,722.4633315217393,7.25
1986-12-01,248.6,8.28,24.38426280542987,14.48,42.6430103167421,110.5,14.085139814743307,732.1168760180998,7.11
1987-01-01,264.5,8.3,24.289293165467637,14.6867,42.97946529316548,111.2,14.922208103718942,774.038318345324,7.08
1987-02-01,280.9,8.32,24.260553405017934,14.8933,43.42784856093191,111.6,15.82231814283645,819.0852706093192,7.25
1987-03-01,292.5,8.34,24.21040249776986,15.1,43.83418198037468,112.1,16.433343976069917,849.1058429973241,7.25
1987-04-01,289.3,8.4,24.254757763975167,14.8733,42.94622483939664,112.7,16.196534453220877,835.3454072759542,8.02
1987-05-01,289.1,8.46,24.341611671087545,14.6467,42.14235031476571,113.1,16.16031195265574,831.81559504863,8.61
1987-06-01,301.4,8.52,24.427853392070492,14.42,41.343855154185036,113.5,16.825207307878717,864.1496493392073,8.4
1987-07-01,310.1,8.56667,24.49691228523727,14.9,42.607453427065046,113.8,17.30600439051222,886.749752196837,8.45
1987-08-01,329.4,8.61333,24.501159282692313,15.38,43.74937797202799,114.4,18.32690724585634,936.9990314685317,8.76
1987-09-01,318.7,8.66,24.505390260869575,15.86,44.879386782608705,115,17.67562044993822,901.8323182608698,9.42
1987-10-01,280.2,8.71,24.582747441457084,16.4067,46.305598444058994,115.3,15.530055563627313,790.8250095403299,9.52
1987-11-01,245,8.76,24.70244090121318,16.9533,47.8068369098787,115.4,13.590885143189087,690.8787694974006,8.86
1987-12-01,241,8.81,24.843436568457548,17.5,49.348483535528615,115.4,13.389028514426965,679.5991161178512,8.99
1988-01-01,250.5,8.85667,24.91028382074331,17.8633,50.24234537078653,115.7,13.898336683569136,704.5566897147798,8.67
1988-02-01,258.1,8.90333,24.97675725810346,18.2267,51.13186431551726,116,14.298270962469525,724.0550500000003,8.21
1988-03-01,265.7,8.95,24.99992360515022,18.59,51.92721562231761,116.5,14.668946811103469,742.1765030042922,8.37
1988-04-01,262.6,9.04333,25.13119011050385,19.6167,54.514323489325385,117.1,14.433316420838949,729.7588966695137,8.72
1988-05-01,256.1,9.13667,25.304143643063842,20.6433,57.171926803404276,117.5,14.031891348027775,709.2727642553194,9.09
1988-06-01,270.7,9.23,25.45430627118645,21.67,59.761085254237315,118,14.766468647879622,746.5309542372884,8.92
1988-07-01,269.1,9.30667,25.557450954092836,22.0233,60.47914126075951,118.5,14.608315717522105,738.9872050632915,9.06
1988-08-01,263.7,9.38333,25.659701528907576,22.3767,61.1914366436975,119,14.244946310675655,721.1153495798321,9.26
1988-09-01,268,9.46,25.696613355592667,22.73,61.74249699499168,119.8,14.369428776140165,727.9801669449084,8.98
1988-10-01,277.4,9.55,25.854757903494185,23.0733,62.46644874708821,120.2,14.81145015327773,751.006266222962,8.8
1988-11-01,271,9.64,26.076720864505415,23.4167,63.34343874147965,120.3,14.445530680872894,733.0696425602663,8.96
1988-12-01,276.5,9.75,26.33050207468881,23.75,64.13840248962657,120.5,14.702086748572,746.7060331950211,9.11
1989-01-01,285.4,9.81333,26.370224788934777,24.16,64.92236895127996,121.1,15.088072442713287,766.9223550784478,9.09
1989-02-01,294,9.89667,26.484823668256592,24.56,65.72587236842108,121.6,15.467060462734754,786.7836513157898,9.17
1989-03-01,292.7,10.01,26.63478479149633,24.96,66.4140088307441,122.3,15.298969108882362,778.82132951758,9.36
1989-04-01,302.3,10.0867,26.66444955808287,25.0467,66.21159236880588,123.1,15.686742656144585,799.1377855402116,9.18
1989-05-01,313.9,10.1933,26.79388771728596,25.1333,66.06484829886917,123.8,16.18635353854456,825.1107447495964,8.86
1989-06-01,323.7,10.37,27.19246301369864,25.22,66.13248960515715,124.1,16.641904235808592,848.813912973409,8.28
1989-07-01,331.9,10.4233,27.266313821543417,24.71,64.63889694533765,124.4,17.013407650499133,868.2173167202575,8.02
1989-08-01,346.6,10.5467,27.54483162600322,24.2,63.20317495987162,124.6,17.734251436577328,905.2157207062605,8.11
1989-09-01,347.3,10.73,27.933881120000013,23.69,61.673219360000026,125,17.71422067897909,904.1413712000004,8.19
1989-10-01,347.4,10.7967,27.97325255254778,23.4267,60.69641608757964,125.6,17.640853852797953,900.0813152866244,8.01
1989-11-01,340.2,10.9233,28.23382398252582,23.1633,59.870967111993664,125.9,17.242369266947435,879.326478157268,7.87
1989-12-01,348.6,11.06,28.541816653449658,22.87,59.019109119746254,126.1,17.65021290494733,899.6091578112613,7.84
1990-01-01,339.97,11.14,28.454917739403463,22.49,57.446238775510224,127.4,17.048843606878272,868.3858513343802,8.21
1990-02-01,330.45,11.23,28.55034484375001,22.08,56.134605000000015,128,16.50809351649029,840.1123289062502,8.47
1990-03-01,338.46,11.32,28.622624397824413,21.67,54.792603418803445,128.7,16.83374823348095,855.7962414918418,8.59
1990-04-01,338.18,11.4367,28.872831967416612,21.5333,54.362478040341365,128.9,16.813913898735766,853.7615146625294,8.79
1990-05-01,350.25,11.5533,29.0994719767802,21.3967,53.89219288390095,129.2,17.392413588645006,882.1799883900933,8.76
1990-06-01,360.39,11.66,29.209960585065446,21.26,53.25932779060818,129.9,17.817082821653006,902.8282757505776,8.48
1990-07-01,360.03,11.7267,29.264411507668722,21.42,53.45439846625769,130.4,17.74717158707024,898.468117638037,8.47
1990-08-01,330.75,11.7833,29.137522183890592,21.58,53.36261732522798,131.6,16.168334756508973,817.8723670212769,8.75
1990-09-01,315.41,11.83,29.010511981914103,21.74,53.31263993971366,132.7,15.301285443522625,773.4746901281089,8.89
1990-10-01,307.12,11.9267,29.072380978277167,21.6067,52.6682329632959,133.5,14.818147965500803,748.632031161049,8.72
1990-11-01,315.29,12.0133,29.217818082212265,21.4733,52.22569760388641,133.8,15.187607599503185,766.8239254110615,8.39
1990-12-01,328.75,12.09,29.40436188340808,21.34,51.901495665171915,133.8,15.846314974728767,799.5602952167417,8.08
1991-01-01,325.49,12.1067,29.269971029717695,21.1833,51.21416879197624,134.6,15.606190118802363,786.9264845468058,8.09
1991-02-01,362.26,12.1133,29.242476701780426,21.0267,50.76013843175076,134.8,17.35466474520511,874.5246637982198,7.85
1991-03-01,372.28,12.11,29.191199851851863,20.94,50.47594755555558,135,17.81862008339738,897.3823188148151,8.11
1991-04-01,379.68,12.13,29.19615636094676,20.3633,49.01319792455623,135.2,18.15534589519802,913.8661704142016,8.04
1991-05-01,377.99,12.14,29.134030383480837,19.8567,47.65285841150444,135.6,18.035430911004052,907.114674188791,8.07
1991-06-01,378.29,12.15,29.072269852941186,19.41,46.44384838235296,136,18.015227044688324,905.1645236764709,8.28
1991-07-01,380.23,12.1933,29.133034503671087,18.84,45.01376740088108,136.2,18.103452345519745,908.4705296622618,8.27
1991-08-01,389.4,12.2367,29.15111596339679,18.33,43.66699809663252,136.6,18.51225845533771,927.655704245974,7.9
1991-09-01,387.2,12.28,29.126334110787184,17.82,42.26639037900876,137.2,18.357282591774325,918.3808279883386,7.65
1991-10-01,386.88,12.2533,29.020701451237272,17.2033,40.74427568704513,137.4,18.349187992001983,916.2861414847165,7.53
1991-11-01,385.92,12.2267,28.87364485195937,16.5867,39.16988926415095,137.8,18.28886816930134,911.3593219158204,7.42
1991-12-01,388.51,12.2,28.78969978245106,15.97,37.686188977519954,137.9,18.441652313512723,916.8103493836115,7.09
1992-01-01,416.08,12.24,28.842261549601748,16.0467,37.812346275162945,138.1,19.773068211462636,980.4483811730632,7.03
1992-02-01,412.56,12.28,28.832128715728725,16.1233,37.855786720057736,138.6,19.582982970386738,968.6468259740263,7.34
1992-03-01,407.36,12.32,28.78068743718594,16.19,37.82137415649678,139.3,19.283561861298555,951.6315612347455,7.54
1992-04-01,407.41,12.32,28.739424802867394,16.4833,38.45134422508962,139.5,19.301229507881043,950.3838521863804,7.48
1992-05-01,414.81,12.32,28.698280314960645,16.7667,39.05644939584826,139.7,19.662279795641687,966.2608488188981,7.39
1992-06-01,408.27,12.32,28.595932667617703,17.05,39.57472824536379,140.2,19.315365967644595,947.6348563480745,7.26
1992-07-01,415.05,12.3433,28.588839853380794,17.38,40.25455402135233,140.5,19.620740694824406,961.3148818505342,6.84
1992-08-01,417.93,12.3667,28.561723070262605,17.71,40.90243278921222,140.9,19.72213749835153,965.2373650816186,6.59
1992-09-01,418.48,12.4,28.557559801840068,18.04,41.546643453644734,141.3,19.708766424745306,963.7715827317768,6.42
1992-10-01,412.5,12.3867,28.42634090691115,18.39,42.203364033850505,141.8,19.370271076906974,946.6496826516222,6.59
1992-11-01,422.84,12.3833,28.378512108450714,18.74,42.94600929577466,142,19.833656038801234,969.0123036619722,6.87
1992-12-01,435.64,12.39,28.413876109936588,19.09,43.77892614517267,141.9,20.44860672124296,999.0493130373504,6.77
1993-01-01,435.23,12.4133,28.327568438990195,19.34,44.134530995792446,142.6,20.323410802995706,993.2095100981771,6.6
1993-02-01,441.7,12.4467,28.30454381970651,19.59,44.548837316561865,143.1,20.545336792900454,1004.4523452131382,6.26
1993-03-01,450.16,12.48,28.281452924791097,19.84,44.96025849582174,143.6,20.855200148690916,1020.1265103064071,5.98
1993-04-01,443.08,12.4933,28.2329493013889,19.67,44.451194861111134,144,20.457362016642186,1001.2931072222226,5.97
1993-05-01,445.25,12.5067,28.22403121081832,19.5,44.00590152565883,144.2,20.51760563376487,1004.8014181692099,6.04
1993-06-01,448.06,12.52,28.21491246537397,19.33,43.5618416897507,144.4,20.6083570129602,1009.7423066481997,5.96
1993-07-01,447.29,12.52,28.21491246537397,19.69,44.37313310249309,144.4,20.564596413297146,1008.0070444598341,5.81
1993-08-01,454.13,12.52,28.136970718232053,20.05,45.059605662983444,144.8,20.812227546627394,1020.5944498618787,5.68
1993-09-01,459.24,12.52,28.078796416264655,20.41,45.773820675396294,145.1,20.993501005229135,1029.9446059269474,5.36
1993-10-01,463.9,12.54,28.007836101578597,20.9,46.67972683596433,145.7,21.109178247475118,1036.1112573781747,5.33
1993-11-01,462.89,12.56,28.03326529492456,21.39,47.74136502057615,145.8,21.03790118960638,1033.1463513031551,5.72
1993-12-01,465.95,12.58,28.077904252400558,21.89,48.85733895747601,145.8,21.164732079814655,1039.9761117969824,5.77
1994-01-01,472.99,12.6233,28.097462649794817,22.1567,49.31729822571822,146.2,21.41197491382654,1052.8006827633383,5.75
1994-02-01,471.58,12.6667,28.097969874573973,22.4333,49.76277859168373,146.7,21.263840187313026,1046.0846655760058,5.97
1994-03-01,463.81,12.71,28.098252581521756,22.71,50.205453668478285,147.2,20.833375889460417,1025.354093614131,6.48
1994-04-01,447.23,12.7533,28.155721705563103,23.54,51.96974029850748,147.4,20.055250085063847,987.3588340569881,6.97
1994-05-01,450.9,12.7967,28.232383190508482,24.37,53.76567227118646,147.5,20.196492421281448,994.7862793220341,7.18
1994-06-01,454.83,12.84,28.232210270270283,25.2,55.40901081081083,148,20.290763690670314,1000.0666820270274,7.1
1994-07-01,451.4,12.87,28.221897978436665,25.91,56.81657938005392,148.4,20.067951816142145,989.849630727763,7.3
1994-08-01,464.24,12.9,28.17377315436243,26.62,58.13843731543626,149,20.53554940475564,1013.9063914093963,7.24
1994-09-01,466.96,12.92,28.14190468540831,27.33,59.529276706827325,149.4,20.57645010081887,1017.1163941097727,7.46
1994-10-01,463.81,13.0133,28.32616762140469,28.42,61.86207063545154,149.5,20.39575928241026,1009.5794152508365,7.74
1994-11-01,461.01,13.0967,28.469618708082848,29.51,64.14886559786243,149.7,20.20947302039405,1002.1439691382769,7.96
1994-12-01,455.19,13.17,28.628958316633277,30.6,66.5183086172345,149.7,19.911484108090335,989.4924476953912,7.81
1995-01-01,465.25,13.18,28.536322288755827,31.25,67.66009647371925,150.3,20.21911942245731,1007.3235163007323,7.78
1995-02-01,481.92,13.18,28.42285778661366,31.9,68.79280450629558,150.9,20.802571764332683,1039.2673463220679,7.47
1995-03-01,493.15,13.17,28.307497093791287,32.55,69.96272060766184,151.4,21.152737302037,1059.9728315719951,7.2
1995-04-01,507.91,13.2433,28.371350884792637,33.1767,71.07501883212642,151.9,21.64273926187966,1088.1043869651091,7.06
1995-05-01,523.81,13.3067,28.450983578186605,33.8033,72.27465360972408,152.2,22.19542669801996,1119.9553388961897,6.63
1995-06-01,539.35,13.36,28.5087506885246,34.43,73.46978190163938,152.5,22.718356759520617,1150.9127757377055,6.17
1995-07-01,557.37,13.44,28.679461770491812,34.68,74.00325403278691,152.5,23.376412691512137,1189.3654469508201,6.28
1995-08-01,559.11,13.51,28.753415173315904,34.93,74.34173145846961,152.9,23.28407025623054,1189.9572137344674,6.49
1995-09-01,578.77,13.58,28.845799216710198,35.18,74.72718825065277,153.2,23.946007075299875,1229.387570887729,6.2
1995-10-01,582.92,13.65,28.900167208848416,34.7733,73.62301717241382,153.7,23.92676276408328,1234.174759661679,6.04
1995-11-01,595.53,13.72,29.067284895833346,34.3667,72.80952331119795,153.6,24.347586881114825,1261.6938902343754,5.93
1995-12-01,614.57,13.79,29.234620325732905,33.96,71.99475752442999,153.5,25.027380664939116,1302.8803925732905,5.71
1996-01-01,614.42,13.8933,29.281929400259077,33.9867,71.63137267227982,154.4,24.762465194644037,1294.9697380829018,5.65
1996-02-01,649.54,13.9967,29.40463602711428,34.0133,71.4560365358296,154.9,25.97606555059339,1364.5707406068434,5.81
1996-03-01,647.07,14.1,29.46945279383431,34.04,71.14469312780993,155.7,25.629930395216114,1352.3970793834303,6.27
1996-04-01,647.17,14.1567,29.474376203454906,34.33,71.47536749840053,156.3,25.424203848381538,1347.413736788228,6.51
1996-05-01,661.23,14.2133,29.53552783780333,34.62,71.9410674329502,156.6,25.814043827699034,1374.0494517241384,6.74
1996-06-01,668.5,14.27,29.634427951499696,34.91,72.49739872367584,156.7,25.966673558333863,1388.270153158903,6.91
1996-07-01,644.07,14.4,29.847256050955423,35.2733,73.11189005987264,157,24.8584113323484,1334.980708662421,6.87
1996-08-01,662.68,14.53,30.05927234583599,35.6367,73.7242443776224,157.3,25.412529121454963,1370.9345215511764,6.64
1996-09-01,674.88,14.66,30.232115842839047,36.0,74.23984790874528,157.8,25.680115512876775,1391.749682129278,6.83
1996-10-01,701.46,14.74,30.301082248894513,36.91,75.87604788376501,158.3,26.483467720897217,1441.9943795325337,6.53
1996-11-01,735.67,14.82,30.40791147540985,37.82,77.59967692307696,158.6,27.58561204901281,1509.4593950819678,6.2
1996-12-01,743.25,14.9,30.572056746532173,38.73,79.46682938209335,158.6,27.723946163893974,1525.0121595208077,6.3
1997-01-01,766.22,14.9533,30.584996727844135,39.2333,80.24652432055314,159.1,28.33287012995038,1567.2016339409183,6.58
1997-02-01,798.39,15.0067,30.59805952756894,39.7367,81.02153784837095,159.6,29.265634883575963,1627.885194360903,6.42
1997-03-01,792.16,15.06,30.62996925000001,40.24,81.84262700000004,160,28.802458591871666,1611.1445180000005,6.69
1997-04-01,763.93,15.0933,30.659372655430722,40.3433,81.95028713732837,160.2,27.585160338136554,1551.7888435705372,6.89
1997-05-01,833.09,15.1267,30.746411371642736,40.4467,82.21164410118679,160.1,29.928362224688794,1693.3321775140544,6.71
1997-06-01,876.29,15.16,30.7756511540861,40.55,82.31877666874611,160.3,31.25656061638128,1778.917899064255,6.49
1997-07-01,925.29,15.2167,30.852262184423683,40.58,82.27702454828663,160.5,32.76663768966994,1876.0499764485987,6.22
1997-08-01,927.24,15.2733,30.909245891791056,40.61,82.18423495024878,160.8,32.586283486713185,1876.4961835820902,6.3
1997-09-01,937.02,15.33,30.94700955334989,40.64,82.0408655086849,161.2,32.666581341708635,1891.5829674937975,6.21
1997-10-01,951.16,15.3867,30.984586266089117,40.3333,81.22018452599013,161.6,32.901498179798125,1915.3749064356443,6.03
1997-11-01,938.92,15.4433,31.11781919133128,40.0267,80.65268520495358,161.5,32.33660053281269,1891.8976381424156,5.88
1997-12-01,962.37,15.5,31.270793552386866,39.72,80.13393031618105,161.3,33.03078904290543,1941.5531349039063,5.81
1998-01-01,963.36,15.55,31.313427599009916,39.66,79.86434331683171,161.6,32.859968415052236,1939.9423544554463,5.54
1998-02-01,1023.74,15.6,31.355903644224842,39.6,79.59575540457075,161.9,34.709677782269985,2057.7110767140216,5.57
1998-03-01,1076.83,15.64,31.378159802712712,39.54,79.32816103575836,162.2,36.296927736425104,2160.418402836006,5.65
1998-04-01,1112.2,15.75,31.540513846153857,39.35,78.80122030769235,162.5,37.27693404302877,2227.260920615385,5.64
1998-05-01,1108.42,15.85,31.68228071253072,39.16,78.27622162162164,162.8,36.95659851896901,2215.600857248158,5.65
1998-06-01,1108.39,15.95,31.843049693251544,38.97,77.80085558282211,163,36.802293460092024,2212.8224357055224,5.5
1998-07-01,1156.58,16.0167,31.937025003676485,38.6767,77.12067622916669,163.2,38.259645085248565,2306.200676715687,5.46
1998-08-01,1074.62,16.0833,32.03057111015913,38.3833,76.44196278702573,163.4,35.42340102487833,2140.151108690331,5.34
1998-09-01,1020.64,16.14,32.104196332518356,38.09,75.76510770171153,163.6,33.532356980834905,2030.162759902201,4.81
1998-10-01,1032.47,16.1667,32.078873052439036,37.9633,75.3289095085366,164,33.77310287904815,2048.6848930487813,4.53
1998-11-01,1144.43,16.1833,32.111811703658546,37.8367,75.0777026865854,164,37.36939188392096,2270.8422057317084,4.83
1998-12-01,1190.05,16.2,32.16456131787677,37.71,74.87195106772425,163.9,38.82027478009816,2362.804703477731,4.65
1999-01-01,1248.77,16.28333333,32.25130715509399,37.93333333,75.13201135472882,164.3,40.57695767720813,2473.35505696896,4.72
1999-02-01,1246.58,16.36666667,32.376947929593086,38.15666667,75.48246902381803,164.5,40.40015922925994,2466.0156257750764,5
1999-03-01,1281.66,16.45,32.44318848484849,38.38,75.69419903030307,165,41.35610363271301,2527.7286901818193,5.23
1999-04-01,1334.76,16.45,32.20894163658244,39.26,76.87070204572807,166.2,42.704509516892166,2613.447230324911,5.18
1999-05-01,1332.07,16.45,32.20894163658244,40.14,78.59373357400726,166.2,42.556676709518044,2608.1802362214207,5.54
1999-06-01,1322.55,16.45,32.20894163658244,41.02,80.31676510228644,166.2,42.18067591174694,2589.5401678700373,5.9
1999-07-01,1380.99,16.513333333333335,32.23596824635075,42.0,81.98893821235755,166.7,43.82803599280542,2695.854851949611,5.79
1999-08-01,1327.49,16.576666666666668,32.282140714143246,42.98,83.70117079593061,167.1,41.93071215994045,2585.2132903650518,5.94
1999-09-01,1318.17,16.64,32.25107516378798,43.96,85.20175866587257,167.9,41.32345133471502,2554.8317156640865,5.92
1999-10-01,1300.01,16.656666666666666,32.22579758224337,45.36333333333334,87.76483476020614,168.2,40.55285439953986,2515.1406312722956,6.11
1999-11-01,1391,16.673333333333332,32.23887573776986,46.76666666666667,90.42611487423255,168.3,43.20829071461391,2689.580736779561,6.03
1999-12-01,1428.68,16.69,32.2711017231135,48.17,93.1395428401664,168.3,44.19793976104055,2762.4372444444452,6.28
2000-01-01,1425.59,16.713333333333335,32.22049470774093,49.09666666666667,94.65011299368092,168.8,43.772578146938,2748.2976695497637,6.66
2000-02-01,1388.87,16.736666666666668,32.07545696898313,50.02333333333333,95.86862830781314,169.8,42.18563588791732,2661.7390910482927,6.52
2000-03-01,1442.21,16.76,31.857509813084132,50.95,96.84606950934584,171.2,43.22074843996588,2741.361529088786,6.26
2000-04-01,1461.36,16.740000000000002,31.800918388791604,51.27333333333333,97.40376874878383,171.3,43.52857428850774,2776.140388091069,5.99
2000-05-01,1418.48,16.72,31.725883148688055,51.59666666666667,97.90369722060257,171.5,41.966050503324325,2691.5389191836744,6.44
2000-06-01,1461.96,16.7,31.52250928074247,51.92,98.00291508120652,172.4,42.781971567071466,2759.5597406032493,6.1
2000-07-01,1473,16.583333333333332,31.229833140432103,52.51333333333334,98.89342538580252,172.8,42.7580936182696,2773.9624652777784,6.05
2000-08-01,1485.46,16.46666666666667,31.01012577160495,53.10666666666666,100.01079429012347,172.8,42.8695654944195,2797.4272122685193,5.83
2000-09-01,1468.05,16.35,30.630882556131276,53.7,100.60418307426602,173.7,41.89800792488476,2750.3160328152,5.8
2000-10-01,1390.14,16.323333333333334,30.528198199233728,52.46666666666667,98.1241249042146,174,39.36969904420139,2599.865393793105,5.74
2000-11-01,1378.04,16.296666666666667,30.460819490714165,51.23333333333333,95.76248631054953,174.1,38.78214245678478,2575.7554320505465,5.72
2000-12-01,1330.93,16.27,30.428453218390818,50.0,93.51091954022992,174,37.274238004497214,2489.1297628735642,5.24
2001-01-01,1335.63,16.169999999999998,30.051450942318684,48.48,90.09859874357512,175.1,36.97886799702984,2482.2275462021717,5.16
2001-02-01,1305.75,16.07,29.74668521046645,46.96,86.92621888509673,175.8,35.834662651431294,2417.033865187714,5.1
2001-03-01,1185.85,15.97,29.494469125993206,45.44,83.92164540295123,176.2,32.325837236178764,2190.1074648127137,4.89
2001-04-01,1189.84,15.876666666666665,29.206066214433772,42.556666666666665,78.28550228000756,176.9,32.17390116836069,2188.7809673261736,5.14
2001-05-01,1270.37,15.783333333333331,28.903662164697064,39.67333333333333,72.65288006002629,177.7,34.07464321714004,2326.3999136747334,5.39
2001-06-01,1238.71,15.69,28.684316966292148,36.79,67.25914730337081,178,33.06853441111277,2264.5984875280906,5.28
2001-07-01,1204.45,15.706666666666667,28.79567353990611,33.96333333333333,62.2663662347418,177.5,32.16303868744436,2208.1673808450714,5.24
2001-08-01,1178.5,15.723333333333333,28.82622922065729,31.136666666666667,57.08412277934274,177.5,31.40431876078014,2160.5921859154937,4.97
2001-09-01,1044.64,15.74,28.727309702748183,28.31,51.669004935501974,178.3,27.667392586862498,1906.588107234998,4.73
2001-10-01,1076.59,15.740000000000002,28.824306809229054,27.103333333333335,49.63372271618836,177.7,28.57737311336011,1971.534972537986,4.57
2001-11-01,1129.68,15.740000000000002,28.87305140924466,25.896666666666665,47.504179669297265,177.4,30.005103811056827,2072.2559540022557,4.65
2001-12-01,1144.93,15.74,28.98743248443691,24.69,45.47012122241089,176.7,30.499953255020465,2108.5502588568206,5.09
2002-01-01,1140.21,15.736666666666668,28.915836213062313,24.69333333333333,45.373546847355556,177.1,30.277204433096006,2095.114950762282,5.04
2002-02-01,1100.67,15.733333333333334,28.795893513310844,24.69666666666667,45.201011661042386,177.8,29.085704152008425,2014.4984817772788,4.91
2002-03-01,1153.79,15.73,28.628775950783005,24.7,44.954276286353476,178.8,30.292130640918682,2099.9107059284124,5.28
2002-04-01,1111.93,15.833333333333332,28.656572117167226,25.38,45.934976863181326,179.8,29.005883253118686,2012.4696147942163,5.21
2002-05-01,1079.25,15.936666666666667,28.843593956247695,26.06,47.16570122358177,179.8,28.128107508688345,1953.3224499443832,5.16
2002-06-01,1014.02,16.04,29.01447871039467,26.74,48.36952373540857,179.9,26.387672541183363,1834.2432482490278,4.93
2002-07-01,903.59,15.96,28.837708384230996,27.84,50.30337101610218,180.1,23.46312046743145,1632.673240533038,4.65
2002-08-01,912.55,15.879999999999999,28.597885113447713,28.939999999999998,52.11730448256782,180.7,23.588713528842383,1643.387913115662,4.26
2002-09-01,867.81,15.8,28.40665414364642,30.04,54.00860066298345,181,22.36503680122434,1560.2264893922659,3.87
2002-10-01,854.63,15.89,28.521191505791517,29.223333333333333,52.453384923699225,181.3,21.95623386365909,1533.9877845559852,3.94
2002-11-01,909.93,15.98,28.682733811362393,28.406666666666666,50.98753807685238,181.3,23.348396502725127,1633.2465567567572,4.05
2002-12-01,899.18,16.07,28.908055610834726,27.59,49.631191929242696,180.9,23.101442537685635,1617.5199405196247,4.03
2003-01-01,895.84,16.119999999999997,28.87032559163457,28.5,51.042449091909766,181.7,22.898348576613216,1604.4164068244365,4.05
2003-02-01,837.03,16.169999999999998,28.738443801201537,29.41,52.26948869470237,183.1,21.214102123415284,1487.6276818132171,3.9
2003-03-01,846.63,16.22,28.655157220412605,30.32,53.565004125950075,184.2,21.30971902699099,1495.7038074918573,3.81
2003-04-01,890.03,16.203333333333333,28.688010482408426,31.73,56.177982263329724,183.8,22.427939577730893,1575.798599238303,3.96
2003-05-01,935.96,16.186666666666667,28.705355277020903,33.13999999999999,58.77031346049048,183.5,23.591080453481478,1659.8268734604912,3.57
2003-06-01,988,16.17,28.644578443113787,34.55,61.20409308655419,183.7,24.832223259531048,1750.2067719107247,3.33
2003-07-01,992.54,16.310000000000002,28.861161392060914,35.89333333333333,63.51460982417982,183.9,24.867329101268766,1756.3370403480158,3.98
2003-08-01,989.53,16.450000000000003,28.998516251354296,37.236666666666665,65.64182878295416,184.6,24.642251409932154,1744.3709292524384,4.45
2003-09-01,1019.44,16.59,29.150564902807787,38.58,67.78955961123113,185.2,25.243686752606248,1791.2749779697633,4.27
2003-10-01,1038.73,16.85666666666667,29.651150018018033,41.96666666666667,73.82004720720724,185,25.68275607057968,1827.1429142702711,4.29
2003-11-01,1049.9,17.123333333333335,30.201847624209588,45.35333333333333,79.99344729900635,184.5,25.946798218420103,1851.7959794037947,4.3
2003-12-01,1080.64,17.39,30.70547487791645,48.74,86.06008312533915,184.3,26.63517051108153,1908.083057623441,4.27
2004-01-01,1132.52,17.6,30.925252699784032,49.826666666666675,87.55126465082799,185.2,27.65854035573656,1989.9697265658754,4.15
2004-02-01,1143.36,17.810000000000002,31.126179269602595,50.913333333333334,88.98021002506269,186.2,27.650862036740207,1998.2273065520951,4.08
2004-03-01,1123.98,18.02,31.291528068303105,52.0,90.29741728922095,187.4,26.88653038403585,1951.7786747065109,3.83
2004-04-01,1133.36,18.213333333333335,31.52631120567377,53.38333333333333,92.40371046099294,188,26.90057750844487,1961.7858748936176,4.35
2004-05-01,1102.78,18.406666666666666,31.675624819319594,54.76666666666667,94.24674316939897,189.1,25.90281429294375,1897.7496670544692,4.72
2004-06-01,1132.76,18.6,31.907089088033754,56.15,96.32166947812338,189.7,26.4012853664749,1943.1760341591996,4.73
2004-07-01,1105.85,18.78666666666667,32.27835001759945,56.69,97.4020402323126,189.4,25.695888646268546,1900.0184545934537,4.5
2004-08-01,1088.94,18.973333333333333,32.58186905892701,57.23,98.27795324538262,189.5,25.17446222647776,1869.9771869129297,4.28
2004-09-01,1117.66,19.16,32.83311679831491,57.77,98.99630258030547,189.9,25.66840677635768,1915.253722380201,4.13
2004-10-01,1117.21,19.253333333333334,32.82022643617951,58.03,98.92093525405974,190.9,25.411655665489313,1904.4538699842856,4.1
2004-11-01,1168.94,19.346666666666668,32.96206059336825,58.29,99.31212157068066,191,26.465310814818032,1991.5922351832469,4.19
2004-12-01,1199.21,19.44,33.24291077246455,58.55,100.12203836048346,190.3,27.14480869474122,2050.680608407778,4.23
2005-01-01,1181.41,19.703333333333333,33.622544974654794,59.10666666666666,100.86194679251882,190.7,26.587250697970365,2016.0046113266922,4.22
2005-02-01,1199.63,19.96666666666667,33.87650017379216,59.663333333333334,101.22795936739662,191.8,26.74486312810117,2035.3555544317003,4.17
2005-03-01,1194.9,20.23,34.05693812726334,60.22,101.37957558199693,193.3,26.339142131057912,2011.5983869632703,4.5
2005-04-01,1164.43,20.46333333333333,34.21961462829737,61.23333333333333,102.3968595409387,194.6,25.40892256911445,1947.2069976361774,4.34
2005-05-01,1178.28,20.696666666666665,34.64541087105625,62.24666666666667,104.19848648834024,194.4,25.65023018718296,1972.3946555555563,4.14
2005-06-01,1202.25,20.93,35.01798838046274,63.26,105.84032226221083,194.5,26.068394871883985,2011.4847840616974,4
2005-07-01,1222.24,21.11,35.15646867963154,64.33,107.13480010235419,195.4,26.287871091254736,2035.5112401228257,4.18
2005-08-01,1224.27,21.29,35.27570885947048,65.39999999999999,108.36220570264769,196.4,26.104381410936142,2028.5106662932797,4.26
2005-09-01,1225.92,21.47,35.144489235412486,66.47,108.80550533199198,198.8,25.730122990164467,2006.7225078470833,4.2
2005-10-01,1191.96,21.72,35.482324096385554,67.58999999999999,110.41667981927714,199.2,24.87653872364795,1947.215056626507,4.46
2005-11-01,1237.37,21.97,36.181343421052645,68.71,113.15521649797574,197.6,25.93178330906902,2037.7655397773285,4.54
2005-12-01,1262.07,22.22,36.74180873983741,69.83,115.46716941056914,196.8,26.443803114292404,2086.891744207318,4.47
2006-01-01,1278.73,22.406666666666666,36.770210052109604,70.77666666666666,116.14725826189277,198.3,26.46870262668572,2098.445583156834,4.42
2006-02-01,1276.65,22.593333333333334,37.001899077336034,71.72333333333334,117.46383335010911,198.7,26.249624763583295,2090.8147443381995,4.57
2006-03-01,1293.74,22.78,37.10221241241243,72.67,118.35898928928933,199.8,26.32783777866768,2107.1385551551557,4.72
2006-04-01,1302.17,23.0,37.14448635235733,73.27666666666666,118.34018021505379,201.5,26.147280943874517,2102.975469280398,4.99
2006-05-01,1290.01,23.22,37.314597333333346,73.88333333333333,118.73069909465023,202.5,25.650640708757333,2073.049255209877,5.11
2006-06-01,1253.17,23.44,37.59387836372599,74.49,119.46962454411043,202.9,24.749582241646365,2009.8771565303114,5.11
2006-07-01,1260.24,23.66,37.834839705159716,75.85,121.29216363636368,203.5,24.6967867668533,2015.2569057493863,5.09
2006-08-01,1287.15,23.88,38.111730456105946,77.21,123.22473653751842,203.9,25.051393562010958,2054.250999019128,4.88
2006-09-01,1317.74,24.1,38.65240906850667,78.57,126.01326890093647,202.9,25.64415644079739,2113.436743814688,4.72
2006-10-01,1363.38,24.36,39.28237106045591,79.55,128.28048513379588,201.8,26.53804028210171,2198.5549694747283,4.73
2006-11-01,1388.64,24.619999999999997,39.76075017369728,80.53,130.05415156327547,201.5,26.92802027085648,2242.6225881885866,4.6
2006-12-01,1416.42,24.88,40.12091100099109,81.51,131.44113567889002,201.8,27.282689787571687,2284.086043409317,4.56
2007-01-01,1424.16,25.083333333333332,40.32570630121467,82.05666666666667,131.9199883079072,202.416,27.20753665680713,2289.5783874792514,4.76
2007-02-01,1444.8,25.286666666666665,40.4362502682241,82.60333333333334,132.09210623475633,203.499,27.315181413516605,2310.399198030458,4.72
2007-03-01,1406.95,25.49,40.39359158907634,83.15,131.76646295142007,205.352,26.227605554650896,2229.5709566987425,4.56
2007-04-01,1463.64,25.71666666666667,40.48975853871736,83.74000000000001,131.8449402475253,206.686,26.97626831418908,2304.4366890839256,4.69
2007-05-01,1511.14,25.943333333333335,40.59854890702369,84.33000000000001,131.96745326979217,207.949,27.548490451851247,2364.772884312981,4.75
2007-06-01,1514.19,26.17,40.87404517355247,84.92,132.63369950852407,208.352,27.418262740410594,2364.9625701697137,5.1
2007-07-01,1520.71,26.440000000000005,41.30625648706909,82.81333333333333,129.3762778825951,208.299,27.410088167204318,2375.750276189517,5
2007-08-01,1454.62,26.71,41.804733523473324,80.70666666666666,126.31676127172545,207.917,26.14860718931232,2276.675457802874,4.67
2007-09-01,1497.12,26.98,42.11126500071948,78.6,122.68144659216273,208.49,26.725743047696916,2336.7537827233928,4.52
2007-10-01,1539.66,27.230000000000004,42.41074845885824,74.46000000000001,115.97151414787308,208.936,27.32064813046202,2398.021776429147,4.53
2007-11-01,1463.39,27.480000000000004,42.54740832726704,70.32000000000001,108.87677414750429,210.177,25.729053579498366,2265.773357788912,4.15
2007-12-01,1479.22,27.73,42.96330695690265,66.18,102.53558075758446,210.036,25.955510105240222,2291.820516292446,4.1
2008-01-01,1378.76,27.92,43.04373014970629,64.25,99.05299649422024,211.08,24.02231776083681,2125.607929126398,3.74
2008-02-01,1354.87,28.11,43.211159462051185,62.32,95.79934036552936,211.693,23.495263401811776,2082.7286951387155,3.74
2008-03-01,1316.94,28.3,43.12937600689373,60.39,92.03473558502871,213.528,22.60681084224933,2007.02475047769,3.51
2008-04-01,1370.47,28.436666666666667,43.07640798859217,57.383333333333326,86.92537375731031,214.823,23.356040643201602,2076.0142371161382,3.68
2008-05-01,1403.22,28.573333333333334,42.92199207257778,54.376666666666665,81.68297441436786,216.632,23.696432116623175,2107.8743951032175,3.88
2008-06-01,1341.25,28.71,42.69703073372485,51.37,76.39660288371458,218.815,22.416812802281935,1994.6845166007822,4.1
2008-07-01,1257.33,28.756666666666668,42.5430386487486,49.56333333333333,73.32472953149912,219.964,20.907206462661577,1860.1126272480958,4.01
2008-08-01,1281.47,28.803333333333335,42.78284840960477,47.75666666666667,70.93506181742941,219.086,21.401617360047926,1903.4233335767697,3.89
2008-09-01,1216.95,28.85,42.911511863353205,45.95,68.34606482222114,218.783,20.36273394609752,1810.0923522394346,3.69
2008-10-01,968.8,28.696666666666665,43.11900316906233,35.593333333333334,53.481788342344935,216.573,16.387356548789832,1455.698348362908,3.81
2008-11-01,883.04,28.543333333333333,43.726088956886755,25.236666666666668,38.660541806912256,212.425,15.259659405704577,1352.7461961633521,3.53
2008-12-01,877.56,28.39,43.94570190459883,14.88,23.033182259261384,210.228,15.376080747423762,1358.400498886923,2.42
2009-01-01,865.58,28.013333333333335,43.174734216463115,12.206666666666667,18.813169526497845,211.143,15.174651936879666,1334.0499682205905,2.52
2009-02-01,805.23,27.63666666666667,42.38343768801674,9.533333333333333,14.620266769717508,212.193,14.122181801918893,1234.8962319209404,2.87
2009-03-01,757.13,27.26,41.70436925564975,6.86,10.494936650541353,212.709,13.323667656863929,1158.3136131522413,2.82
2009-04-01,848.15,26.703333333333333,40.75100978553118,7.076666666666666,10.799449978115428,213.24,14.981866453039249,1294.3316296192088,2.93
2009-05-01,902.41,26.14666666666667,39.7865665369844,7.293333333333333,11.098037682677443,213.856,15.996355755263156,1373.1691296012275,3.29
2009-06-01,926.12,25.59,38.60786682924343,7.51,11.330405622806493,215.693,16.38418281621534,1397.2457064438813,3.72
2009-07-01,935.82,25.026666666666664,37.817924287945424,9.186666666666667,13.882019091312948,215.351,16.694620816995613,1414.1223990601395,3.56
2009-08-01,1009.73,24.46333333333333,36.88394324650736,10.863333333333333,16.37890326207487,215.834,18.094069801576076,1522.3936781971336,3.59
2009-09-01,1044.55,23.9,36.01206747264655,12.54,18.89503456514593,215.969,18.83190226484007,1573.9081622825502,3.4
2009-10-01,1067.66,23.403333333333332,35.22976971031456,25.349999999999998,38.160147934331604,216.177,19.358008443486835,1607.1819938291314,3.39
2009-11-01,1088.07,22.906666666666666,34.45773426401024,38.16,57.40281458882265,216.33,19.812761079966048,1636.7473917625853,3.4
2009-12-01,1110.38,22.41,33.77009099370686,50.97,76.80774377283528,215.949,20.322376500216524,1673.254513056324,3.59
2010-01-01,1123.58,22.24,33.3997716521988,54.28999999999999,81.5320864657317,216.687,20.5278598014544,1687.379291051148,3.73
2010-02-01,1089.16,22.07,33.13620985415774,57.61,86.49646804250236,216.741,19.92053930660044,1635.2802140804008,3.69
2010-03-01,1152.05,21.9,32.7465030257638,60.93,91.10705156894012,217.631,21.004601209715354,1722.6305393073603,3.73
2010-04-01,1197.32,21.946666666666665,32.75938320589212,62.986666666666665,94.01903175251178,218.009,21.80484559962515,1787.217407354743,3.85
2010-05-01,1125.06,21.993333333333332,32.803612402105934,65.04333333333332,97.013775204955,218.178,20.4800686384234,1678.055418419823,3.42
2010-06-01,1083.36,22.04,32.90534131626638,67.1,100.1791471107747,217.965,19.74203985373945,1617.4378660794168,3.2
2010-07-01,1079.8,22.143333333333334,33.05264067715239,68.68666666666667,102.5263757027551,218.011,19.6686604707177,1611.7826916990432,3.01
2010-08-01,1087.28,22.246666666666666,33.16109867223669,70.27333333333333,104.75011720229155,218.312,19.770299174358563,1620.7101901865226,2.7
2010-09-01,1122.08,22.35,33.29575899907985,71.86,107.05294146191848,218.439,20.381395233204017,1671.610973498323,2.65
2010-10-01,1171.58,22.476666666666667,33.44281683743998,73.69,109.64264449433273,218.711,21.240127651759412,1743.1826494323564,2.54
2010-11-01,1198.89,22.603333333333335,33.61714202577968,75.52,112.31823768412686,218.803,21.7007238277606,1783.0668958835124,2.76
2010-12-01,1241.53,22.73,33.74753575844402,77.35,114.84258209043753,219.179,22.3963797730442,1843.3162371395076,3.29
2011-01-01,1282.62,22.963333333333335,33.93234133885502,78.67,116.24868456064993,220.223,22.97829943055497,1895.2953831343689,3.39
2011-02-01,1321.12,23.196666666666665,34.10892857196651,79.99000000000001,117.61919226059497,221.309,23.489828703298514,1942.6061667623103,3.58
2011-03-01,1304.49,23.43,34.11932741747105,81.31,118.40557030792023,223.467,22.89933643014363,1899.629595510747,3.41
2011-04-01,1331.51,23.733333333333334,34.339919195871474,82.16333333333334,118.8826781262691,224.906,23.14392944728594,1926.5707503579279,3.46
2011-05-01,1338.31,24.036666666666665,34.615974196479684,83.01666666666667,119.55496288494336,225.964,23.05949150609534,1927.343132445877,3.17
2011-06-01,1287.29,24.34,35.090394910553705,83.87,120.91336980888,225.722,22.100831286610997,1855.8551546592719,3
2011-07-01,1325.19,24.619999999999997,35.4626426819876,84.90666666666667,122.29954432650801,225.922,22.61098170115662,1908.8033897539867,3
2011-08-01,1185.31,24.9,35.767323048400996,85.94333333333334,123.45232799958808,226.545,20.049852721660493,1702.6251278112522,2.3
2011-09-01,1173.88,25.18,36.11468709368899,86.98,124.75200490107503,226.889,19.69811456887771,1683.6500748824321,1.98
2011-10-01,1207.22,25.596666666666664,36.78817809891016,86.97,124.99548831601314,226.421,20.155824786688754,1735.0471818426745,2.15
2011-11-01,1226.42,26.013333333333335,37.418586865873976,86.96000000000001,125.08663431021533,226.23,20.34524679764582,1764.130060381029,2.01
2011-12-01,1243.32,26.43,38.11194007231736,86.95,125.38150545925063,225.672,20.523575499431697,1792.8617983622255,1.98
2012-01-01,1300.58,26.736666666666668,38.385249568011545,87.48,125.59312924359743,226.665,21.213008091803452,1867.214357929103,1.97
2012-02-01,1352.49,27.043333333333337,38.65532583980124,88.01,125.80014398474943,227.663,21.797435963717536,1933.228459697009,1.97
2012-03-01,1389.24,27.35,38.79900911976008,88.54,125.60381233870412,229.392,22.053943972904705,1970.7910577526686,2.17
2012-04-01,1386.43,27.673333333333332,39.13945188372414,88.33333333333334,124.93320584421704,230.085,21.779246906824888,1960.8808820218621,2.05
2012-05-01,1341.27,27.996666666666666,39.643275127095,88.12666666666667,124.78734466128557,229.815,20.941467419743475,1899.2380865478763,1.8
2012-06-01,1323.48,28.32,40.16000557787676,87.92,124.67753144092248,229.478,20.547504086856087,1876.7995827050963,1.62
2012-07-01,1359.78,28.743333333333332,40.8268648590451,87.44666666666667,124.20874089205489,229.104,20.99934129338056,1931.4236680284941,1.53
2012-08-01,1403.45,29.166666666666664,41.198886761958924,86.97333333333333,122.85272610206086,230.379,21.410428453442933,1982.4198043224435,1.68
2012-09-01,1443.42,29.59,41.61118125207968,86.5,121.6413375567723,231.407,21.783690301727678,2029.8212653895523,1.72
2012-10-01,1437.82,30.14333333333333,42.40580349333023,86.50333333333333,121.69335468930807,231.317,21.577109654528787,2022.7329109403986,1.75
2012-11-01,1394.51,30.696666666666665,43.38982053476154,86.50666666666667,122.27740498622343,230.221,20.898162059573696,1971.1436193049294,1.65
2012-12-01,1422.29,31.25,44.29123784304077,86.51,122.61231954564664,229.601,21.238261139845612,2015.8395094969105,1.72
2013-01-01,1480.4,31.536666666666665,44.56574167679927,86.90666666666667,122.81133252272599,230.28,21.900475413821805,2092.0132325864174,1.91
2013-02-01,1512.31,31.82333333333333,44.60552142288996,87.30333333333334,122.36966707729246,232.166,22.05272433686194,2119.7457663051446,1.98
2013-03-01,1550.83,32.11,44.889965674713146,87.7,122.60510712153047,232.773,22.41920711460257,2168.069307608701,1.96
2013-04-01,1570.7,32.49666666666667,45.477808435577785,88.78333333333333,124.24878733014815,232.531,22.59565539610559,2198.132948295067,1.76
2013-05-01,1639.84,32.88333333333334,45.93714639364087,89.86666666666667,125.5413549693419,232.945,23.4118417818424,2290.8130808559968,1.93
2013-06-01,1618.77,33.27,46.36604452172128,90.95,126.75057857681244,233.504,22.925333173915327,2255.9651905748947,2.3
2013-07-01,1668.68,33.64666666666667,46.872510545271915,92.09,128.28877044127472,233.596,23.492460177159636,2324.605336735219,2.58
2013-08-01,1670.09,34.02333333333333,47.34029035205116,93.23,129.72083676462418,233.877,23.356649094916087,2323.7742386810164,2.74
2013-09-01,1687.17,34.4,47.80878500442027,94.37,131.1545070019518,234.149,23.442287167960593,2344.812435927551,2.81
2013-10-01,1720.03,34.596666666666664,48.206255184560376,96.31333333333333,134.20093817349334,233.546,23.83473788763143,2396.6530042903764,2.62
2013-11-01,1783.54,34.79333333333334,48.579506269245044,98.25666666666666,137.18893526523624,233.069,24.642077092412055,2490.232590863651,2.72
2013-12-01,1807.78,34.99,48.858290831541886,100.2,139.91428240412966,233.049,24.86186929646193,2524.293826791791,2.9
2014-01-01,1822.36,35.403333333333336,49.25221843168775,100.41666666666666,139.69711705626526,233.916,24.859609093632702,2535.2209617127523,2.86
2014-02-01,1817.04,35.81666666666666,49.64365955223521,100.63333333333333,139.4827437768247,234.781,24.59093087789413,2518.506705057054,2.71
2014-03-01,1863.52,36.23,49.89523235982447,100.85,138.88860567177196,236.293,24.956039153965378,2566.402522969365,2.72
2014-04-01,1864.26,36.61333333333333,50.257464848934795,101.60666666666667,139.47087067782508,237.072,24.78631539696263,2558.98529003847,2.71
2014-05-01,1889.77,36.99666666666667,50.60689900518427,102.36333333333334,140.0204758582038,237.9,24.94327410990259,2584.9734084068946,2.56
2014-06-01,1947.09,37.38,51.03621604158715,103.12,140.79332793495098,238.343,25.558007623511294,2658.429799155,2.6
2014-07-01,1973.1,37.75,51.56150891920254,104.06666666666666,142.1413075900665,238.25,25.817545976158737,2694.993728436517,2.54
2014-08-01,1961.53,38.120000000000005,52.15400400248897,105.01333333333334,143.6743391128377,237.852,25.617606421799394,2683.6737531742438,2.42
2014-09-01,1993.23,38.49,52.62062008729957,105.96,144.8605067407187,238.031,25.918436892606188,2724.9934678256204,2.53
2014-10-01,1937.27,38.806666666666665,53.18716376128566,104.74333333333334,143.55782914197556,237.433,25.162748283083243,2655.159682352496,2.3
2014-11-01,2044.57,39.123333333333335,53.91227175267804,103.52666666666667,142.6605892557446,236.151,26.606817147143417,2817.4341004696157,2.33
2014-12-01,2054.27,39.44,54.65856055056813,102.31,141.7879647547826,234.812,26.794085482572548,2846.9432348431947,2.21
2015-01-01,2028.18,39.89666666666667,55.552865225831226,101.28999999999999,141.03809137081905,233.707,26.49229542038312,2824.0757839517014,1.88
2015-02-01,2082.2,40.35333333333333,55.945761482377755,100.27000000000001,139.0140798902532,234.722,26.995513699383235,2886.756927769873,1.98
2015-03-01,2079.99,40.81,56.24413359365408,99.25,136.78584315535815,236.119,26.72860545292847,2866.631596017263,2.04
2015-04-01,2094.86,41.120000000000005,56.55640201353348,97.80333333333334,134.51859528851213,236.599,26.79137168019232,2881.2681012176736,1.94
2015-05-01,2111.94,41.43,56.69379424318245,96.35666666666667,131.8567471387622,237.805,26.806111379650822,2890.02876693089,2.2
2015-06-01,2099.29,41.74,56.91862704179554,94.91,129.4237396391187,238.638,26.495895292784837,2862.690574091302,2.36
2015-07-01,2094.14,41.99666666666667,57.26479033803473,93.49333333333334,127.48335894921804,238.654,26.38113633639969,2855.476340308565,2.32
2015-08-01,2039.87,42.25333333333333,57.696483772246395,92.07666666666667,125.7297231966521,238.316,25.693658417057705,2785.4211033249976,2.17
2015-09-01,1944.41,42.51,58.13746529660218,90.66,123.98829931286647,237.945,24.496752170486435,2659.211218474859,2.17
2015-10-01,2024.81,42.803333333333335,58.56496912464229,89.28333333333333,122.16047800043171,237.838,25.49144104606675,2770.413561247573,2.07
2015-11-01,2080.62,43.096666666666664,59.09104001640432,87.90666666666667,120.53127908675187,237.336,26.225851890971935,2852.79603246031,2.26
2015-12-01,2054.08,43.39,59.69722870732483,86.53,119.05050011626682,236.525,25.96542403712418,2826.063229848854,2.24
2016-01-01,1918.6,43.553333333333335,59.823053853123774,86.5,118.81281551267121,236.916,24.206167203878476,2635.3094548278723,2.09
2016-02-01,1904.42,43.71666666666667,59.99801879007444,86.47,118.67393102808394,237.111,24.00260677728976,2613.6811348271494,1.78
2016-03-01,2021.95,43.88,59.96397728990647,86.44,118.12411570053588,238.132,25.37229862018791,2763.0848651168267,1.89
2016-04-01,2075.54,44.07333333333334,59.94397744165022,86.6,117.78433927802696,239.261,25.922337543673883,2822.93426726462,1.81
2016-05-01,2065.55,44.266666666666666,59.96432626091495,86.75999999999999,117.52646716258239,240.229,25.694709923449974,2798.026674131767,1.81
2016-06-01,2083.89,44.46,60.029061231941206,86.92,117.35775983536503,241.018,25.84037292767052,2813.6293389705343,1.64
2016-07-01,2148.9,44.65,60.38330410426054,87.64333333333333,118.52618251685873,240.628,26.694003256096302,2906.107103911433,1.5
2016-08-01,2170.95,44.84,60.584611603120656,88.36666666666667,119.39474082654837,240.849,26.948872433723867,2933.232884919598,1.56
2016-09-01,2157.69,45.03,60.69541453352555,89.09,120.08337732160318,241.428,26.72787334647854,2908.325316119093,1.63
2016-10-01,2143.02,45.25333333333333,60.92049041143872,90.91,122.38395219439954,241.729,26.5251430850706,2884.9549799982638,1.76
2016-11-01,2164.99,45.47666666666667,61.316519427284256,92.73,125.02853140420882,241.353,26.850953531056263,2919.0717157855925,2.14
2016-12-01,2246.63,45.7,61.5974792073959,94.55,127.44073652208495,241.432,27.865098223923532,3028.156339424767,2.49
2017-01-01,2275.12,45.92666666666667,61.54433189616717,96.46333333333334,129.2663246293498,242.839,28.063573742124465,3048.7895278764954,2.43
2017-02-01,2329.91,46.153333333333336,61.65410699649295,98.37666666666667,131.41684672739393,243.603,28.65510652518413,3112.419191799773,2.42
2017-03-01,2366.82,46.38,61.906582991866344,100.29,133.86397602963078,243.801,29.086921742464646,3159.1577998449575,2.48
2017-04-01,2359.31,46.660000000000004,62.09617002829991,101.53333333333333,135.12282747978392,244.524,28.90424595627515,3139.822436979602,2.3
2017-05-01,2395.35,46.94,62.41545243183389,102.77666666666667,136.6606763833784,244.733,29.31334498027143,3185.0629310309614,2.3
2017-06-01,2433.99,47.22,62.730860607050296,104.02,138.18856671633569,244.955,29.74850324063275,3233.5088396644287,2.19
2017-07-01,2454.1,47.53666666666667,63.19514593699534,105.03999999999999,139.63995784072625,244.786,30.00222074401856,3262.475443040044,2.32
2017-08-01,2456.22,47.85333333333334,63.426195229968656,106.06,140.57499859481348,245.519,29.91495939749749,3255.545191858879,2.21
2017-09-01,2492.84,48.17,63.50963685939902,107.08,141.17940450289487,246.819,30.16811441067891,3286.6797415109872,2.2
2017-10-01,2557,48.42333333333333,63.88402105977253,108.01333333333334,142.5000219192448,246.663,30.92039329033385,3373.4034938357204,2.36
2017-11-01,2593.61,48.67666666666666,64.21667705846026,108.94666666666666,143.72785543920534,246.669,31.29891333388028,3421.619169737585,2.35
2017-12-01,2664.34,48.93,64.58885439145887,109.88,145.04441693303698,246.524,32.08613200770601,3516.997104217035,2.4
2018-01-01,2789.8,49.28666666666666,64.70715542340585,111.73333333333332,146.6917252666417,247.867,33.307343828030675,3662.6543121916206,2.58
2018-02-01,2705.16,49.64333333333333,64.88119749977578,113.58666666666666,148.45173477488478,248.991,32.035382339250305,3535.5003067580765,2.86
2018-03-01,2702.77,50.0,65.19991665130595,115.44,150.53356756453516,249.554,31.80840905764313,3524.407574553004,2.84
2018-04-01,2653.63,50.33,65.37038284386901,117.78666666666666,152.98548567262438,250.546,30.97017929332524,3446.6284328626293,2.87
2018-05-01,2701.49,50.66,65.52647932333818,120.13333333333333,155.38717691887803,251.588,31.243615074864618,3494.258362163538,2.976
2018-06-01,2754.35,50.99,65.84836568262902,122.48,158.1703829929085,251.989,31.63055649645462,3556.9610907618994,2.91
2018-07-01,2793.64,51.44,66.4250133726975,125.11666666666667,161.56446843858222,252.006,31.886366962159006,3607.456733252384,2.89
2018-08-01,2857.82,51.89,66.9688990505501,127.75333333333333,164.8776273534646,252.146,32.39027688030114,3688.2840447994436,2.89
2018-09-01,2901.5,52.34,67.47126283973557,130.39,168.08517313093466,252.439,32.62289112050021,3740.3108354889714,3
2018-10-01,2785.46,52.81,67.9570736896218,131.05666666666667,168.64661151643375,252.885,31.03796107800653,3584.3914122229485,3.15
2018-11-01,2723.23,53.28,68.79228941667529,131.72333333333333,170.0741304353577,252.038,30.19558340670526,3516.0890823605973,3.12
2018-12-01,2567.31,53.75,69.62149677789147,132.39,171.48260387767536,251.233,28.291857012072892,3325.3946956809027,2.83
2019-01-01,2607.39,54.14666666666667,70.00182737943898,133.05666666666664,172.01815707369272,251.712,28.3801644635476,3370.882751001145,2.71
2019-02-01,2754.86,54.54333333333334,70.21783099133887,133.7233333333333,172.1523391724953,252.776,29.541548965131234,3546.5433090166803,2.68
2019-03-01,2803.98,54.94,70.3317240619665,134.39,172.0400509043989,254.202,29.576196014784845,3589.5294436707827,2.57
2019-04-01,2903.8,55.319091580592705,70.44401890828073,134.68333333333334,171.50743095882842,255.548,30.133517171387542,3697.735018078797,2.53
2019-05-01,2854.71,55.69818316118541,70.77609362239602,134.97666666666666,171.51584943431794,256.092,29.242030936939866,3627.5011276416303,2.4
2019-06-01,2890.17,56.07727474177812,71.24362013375325,135.27,171.8543659596398,256.143,29.28379627530628,3671.8291776859037,2.06
2019-07-01,2996.1136363636365,56.45818316118542,71.60789429805645,134.48000000000002,170.56570165763088,256.571,29.986685335042544,3800.0760308771532,1.63
2019-08-01,2897.498181818182,56.83909158059271,72.09466671853275,133.69,169.5723088736271,256.558,28.705397371833097,3675.184805505615,1.63
2019-09-01,2982.156,57.22,72.52099423973456,132.9,168.43831063370718,256.759,29.229520233035295,3779.603601852322,1.7
2019-10-01,2977.68,57.56,72.78551086863602,135.09,170.8233958173044,257.346,28.84112288195343,3765.322446200836,1.71
2019-11-01,3104.9044999999996,57.900000000000006,73.25472846878793,137.28,173.68582252496037,257.208,29.836867659083456,3928.306322435539,1.81
2019-12-01,3176.7495238095235,58.24,73.75199171900663,139.47,176.61727824604833,256.974,30.331822322243323,4022.8640895150793,1.86
2020-01-01,3278.2028571428577,58.686867862126704,74.03065912818711,131.75666666666666,166.20469336992664,257.971,30.98522030023073,4135.295119861205,1.76
2020-02-01,3277.3142105263164,59.13373572425341,74.39048551448174,124.04333333333332,156.04702930541708,258.678,30.729689264735764,4122.8749091961945,1.5
2020-03-01,2652.3936363636367,59.58060358638012,75.11613373059548,116.33,146.66282835170375,258.115,24.81716862909943,3344.000280333116,0.87
2020-04-01,2761.975238095238,59.61373572425342,75.6638648768672,110.63,140.41551447214977,256.389,25.927358825280177,3505.596800293603,0.66
2020-05-01,2919.615,59.64686786212671,75.70444100079392,104.93,133.1782753886597,256.394,27.32848099769847,3705.606504325375,0.67
2020-06-01,3104.6609090909087,59.68,75.33426005733196,99.23,125.25835498473609,257.797,28.838315955122855,3919.023664800388,0.73
2020-07-01,3207.6190909090906,59.403333333333336,74.6076392089057,98.89333333333335,124.20511980527547,259.101,29.599194927667014,4028.6104234466666,0.62
2020-08-01,3391.71,59.126666666666665,74.02673771471517,98.55666666666667,123.39319844463772,259.918,31.15820896535524,4246.429584638234,0.65
2020-09-01,3365.5166666666664,58.85,73.57787498078996,98.22,122.80066067312131,260.28,30.83942604381126,4207.775098483686,0.68
2020-10-01,3418.701363636364,58.659615378670054,73.30942561598867,96.85666666666667,121.0459113067167,260.388,31.283694032592862,4272.497044225613,0.79
2020-11-01,3548.992500000001,58.469230757340114,73.11614053234693,95.49333333333334,119.41501349452476,260.229,32.473204096612584,4438.037426132371,0.87
2020-12-01,3695.3099999999995,58.27884613601017,72.80951477647737,94.13,117.5994392530541,260.474,33.76559141811712,4616.661891705123,0.93
2021-01-01,3793.748421052632,58.06369311230766,72.23345216880726,105.48666666666665,131.22944274962856,261.582,34.512432294106915,4719.567950708022,1.08
2021-02-01,3883.4321052631576,57.84854008860516,71.57397027745185,116.84333333333332,144.56615939328964,263.014,35.103907171969844,4804.834376993342,1.26
2021-03-01,3910.5082608695648,57.63338706490265,70.8062291247881,128.2,157.5017370326605,264.877,35.0425451121921,4804.304553568836,1.61
2021-04-01,4141.176190476191,57.71060542140715,70.32311740330975,138.38666666666666,168.63073495747435,267.054,36.71981410913302,5046.220141066532,1.64
2021-05-01,4167.849500000001,57.787823777911655,69.8571594500658,148.57333333333332,179.60377045140766,269.195,36.55213398979909,5038.330015754383,1.62
2021-06-01,4238.489545454546,57.86504213441615,69.30660105889466,158.76,190.15135180495852,271.696,36.696258013088375,5076.559061976355,1.52
2021-07-01,4363.7128571428575,58.32818900579217,69.5268645761654,164.31666666666666,195.86451809442883,273.003,37.4433831846154,5201.520534740333,1.32
2021-08-01,4454.206363636363,58.79133587716819,69.93445458873447,169.87333333333333,202.07057279082156,273.567,37.973500614070495,5298.442160208719,1.28
2021-09-01,4445.543333333333,59.254482748544206,70.29446708857047,175.43,208.11519718566592,274.31,37.620346686651196,5273.813643128821,1.37
2021-10-01,4460.707142857143,59.63536092649366,70.16338278809975,182.91,215.20091681158692,276.589,37.25302500032533,5248.2000260830555,1.58
2021-11-01,4667.386666666667,60.01623910444312,70.26625302894672,190.39,222.90620195144425,277.948,38.582627497719216,5464.517227299114,1.56
2021-12-01,4674.772727272726,60.397117282392585,70.49558149439974,197.87,230.95408088894635,278.802,38.304849873467454,5456.399851377094,1.47
2022-01-01,4573.8155,60.921402962953294,70.51418153214087,197.88333333333333,229.0423498181267,281.148,36.93675807029746,5294.015580331357,1.76
2022-02-01,4435.980526315789,61.44568864351402,70.47728399877008,197.89666666666665,226.98451082537943,283.716,35.287149225694876,5088.003182452282,1.93
2022-03-01,4391.265217391306,61.969974324074734,70.14213751666675,197.91,224.00897510991157,287.504,34.27079869329174,4970.354306420239,2.13
2022-04-01,4391.295999999999,62.65331621604982,70.52190300680543,196.02666666666664,220.6455205937323,289.109,33.88916475591385,4942.795837307038,2.75
2022-05-01,4040.3599999999997,63.336658108024906,70.51375526246427,194.14333333333332,216.1430031429328,292.296,30.673155079545143,4498.200011221503,2.9
2022-06-01,3898.9466666666676,64.02,70.30876464255465,192.26,211.14594017771876,296.311,29.047721395103842,4281.945072485781,3.14
2022-07-01,3911.729499999999,64.4527684478357,70.79240641414695,190.58333333333331,209.3292982444298,296.276,29.004618317208944,4296.491077343424,2.9
2022-08-01,4158.5630434782615,64.8855368956714,71.29300858462038,188.90666666666664,207.56127255313095,296.171,30.698763365175296,4569.22274119549,2.9
2022-09-01,3850.520476190475,65.31830534350709,71.61448575602206,187.23,205.27752668391696,296.808,28.22988465582197,4221.680926123799,3.52
2022-10-01,3726.050952380952,65.85220356233806,71.90815262086404,182.40333333333334,199.1776436071926,298.012,27.0807669254007,4068.708806430295,3.98
2022-11-01,3917.488571428571,66.38610178116903,72.56444158739338,177.57666666666665,194.10315276672125,297.711,28.378949016273324,4282.0765639735955,3.89
2022-12-01,3912.380952380953,66.92,73.37329070037772,172.75,189.40878614002168,296.797,28.31690128452729,4289.66325388028,3.62
2023-01-01,3960.6565,67.35,73.2590243005649,173.55666666666667,188.7838464863902,299.17,28.33481342375569,4308.148935110474,3.53
2023-02-01,4079.684736842105,67.78,73.3174845100386,174.36333333333332,188.60845368523695,300.84,28.919762943866637,4412.9864635476815,3.75
2023-03-01,3968.5591304347827,68.21,73.53914635762469,175.17,188.85577287003542,301.836,27.9381312539979,4278.6167823183005,3.66
2023-04-01,4121.467368421053,68.37666666666667,73.34776526251831,177.11666666666665,189.99334603538782,303.363,28.764841267615374,4421.1049735690995,3.46
2023-05-01,4146.1731818181825,68.54333333333332,73.3418422128475,179.06333333333333,191.59900898856952,304.127,28.762051343131233,4436.434070243385,3.57
2023-06-01,4345.372857142857,68.71,73.28355040329852,181.01,193.05858621017416,305.109,29.94003164598749,4634.614332667063,3.75
2023-07-01,4508.075500000001,68.91104536354072,73.358046393622,182.09,193.84072026981505,305.691,30.891659813659928,4798.992816468267,3.9
2023-08-01,4457.358695652174,69.11209072708144,73.25216216289628,183.17,194.1425646687903,307.026,30.304748245365207,4724.3710696219205,4.17
2023-09-01,4409.094999999999,69.31313609062215,73.28313266665829,184.25,194.80314923535286,307.789,29.799681861350244,4661.631431630111,4.38
2023-10-01,4269.4009090909085,69.64332137499402,73.6604696419481,186.97666666666666,197.76180697346632,307.671,28.769054954983975,4515.667401329816,4.8
2023-11-01,4460.063333333332,69.97350665936588,74.15914160864982,189.70333333333332,201.0508981461278,307.051,30.013224817381488,4726.852834892792,4.5
2023-12-01,4685.0515000000005,70.30369194373775,74.58316269795615,192.42999999999998,204.14344682571254,306.746,31.452310923844575,4970.236250927481,4.02
2024-01-01,4815.6139130434785,70.47740320664859,74.3623587438474,192.08333333333331,202.67162369994745,308.417,32.04512301259601,5081.067024044664,4.06
2024-02-01,5011.9615,70.65111446955943,74.08707091399076,191.73666666666665,201.06134385560136,310.326,33.03719268559903,5255.706861194359,4.21
2024-03-01,5170.572499999999,70.82482573247027,73.79222474869376,191.39,199.40880543780344,312.332,33.754920176405996,5387.207720646621,4.21
2024-04-01,5112.492727272728,71.20848368988366,73.90422629196988,193.17999999999998,200.49322349369163,313.548,33.14159303076979,5306.03658235306,4.54
2024-05-01,5235.225454545454,71.59214164729707,74.17915028410994,194.96999999999997,202.01531338654885,314.069,33.773634540111956,5424.402271371174,4.48
2024-06-01,5415.140526315788,71.97579960471046,74.55151032311825,196.76,203.80121168138783,314.175,34.810548780042964,5608.925598130442,4.31
2024-07-01,5538.004545454546,72.45053306980697,74.95615047533047,197.93,204.77517880078852,314.54,35.44355307890722,5729.529990375558,4.25
2024-08-01,5478.214545454546,72.92526653490349,75.3859464073725,199.10000000000002,205.81812920113353,314.796,34.91963134861476,5663.063129622766,3.87
2024-09-01,5621.2604999999985,73.4,75.75517109048182,200.27,206.69602335546043,315.301,35.660183635152116,5801.62875915078,3.72
2024-10-01,5792.31956521739,73.87741819658692,76.16022629979007,203.57,209.86030164985561,315.664,36.58721052793015,5971.301916829013,4.1
2024-11-01,5929.916,74.35483639317383,76.69394296987207,206.87,213.37786150564364,315.493,37.350195655078785,6116.463455252576,4.36
2024-12-01,6010.908571428571,74.83225458976072,77.1589886855112,210.17,216.70474504523062,315.605,37.711191696434625,6197.803727751916,4.39
2025-01-01,5979.5155,75.2699367248546,77.10553455974497,212.3433333333333,217.5217216764095,317.671,37.12921985219889,6125.337141190102,4.63
2025-02-01,6038.69,75.70761885994848,77.2109423727027,214.51666666666665,218.77631653723296,319.082,37.18717559369687,6158.6000539673205,4.45
2025-03-01,5683.983333333333,76.14530099504236,77.48320526081916,216.69,220.4973324494449,319.799,34.784750339850724,5783.853258974128,4.28
2025-04-01,5369.495714285715,76.54686733002825,77.64998978413983,218.63666666666666,221.7874555193608,320.795,32.62127034111351,5446.87590626858,4.28
2025-05-01,5810.919523809524,76.94843366501412,77.89465536341928,220.58333333333331,223.29580877130232,321.465,35.07669704372761,5882.375405095574,4.42
2025-06-01,6029.951499999999,77.35,78.03510746804484,222.53,224.50100148499055,322.561,36.1110921336969,6083.360224041347,4.38
2025-07-01,6296.498181818183,77.72666666666666,78.29689833502557,226.76999999999998,228.4336688665462,323.048,37.47424619164655,6342.69162889388,4.39
2025-08-01,6408.949523809522,78.10333333333332,78.45096712925239,231.01,232.03821326271088,323.976,37.84614504488176,6437.475418361385,4.26
2025-09-01,6584.018095238095,78.48,78.6293246305419,235.25,235.69761237684736,324.8,38.58038732538843,6596.545568091721,4.12
2025-10-01,6735.691739130435,,,,,325.21200000000005,39.205692171126486,6739.958348290802,4.06
2025-11-01,6740.885789473684,,,,,325.4180000000001,39.115958246357344,6740.885789473684,4.09
2025-12-01,6812.63,,,,,325.5210000000002,39.41935320301406,6810.4743759695975,4.02
